State,Cases,Year
S. ATLANTIC,1.0,2014
S. ATLANTIC,1.0,2014
S. ATLANTIC,1.0,2014
S. ATLANTIC,1.0,2014
S. ATLANTIC,1.0,2014
S. ATLANTIC,1.0,2014
S. ATLANTIC,1.0,2014
S. ATLANTIC,1.0,2014
S. ATLANTIC,1.0,2014
S. ATLANTIC,1.0,2014
S. ATLANTIC,1.0,2014
S. ATLANTIC,1.0,2014
S. ATLANTIC,1.0,2014
S. ATLANTIC,1.0,2014
S. ATLANTIC,2.0,2014
S. ATLANTIC,2.0,2014
S. ATLANTIC,2.0,2014
S. ATLANTIC,2.0,2014
S. ATLANTIC,2.0,2014
S. ATLANTIC,3.0,2014
MINNESOTA,38.0,2014
OHIO,4.0,2014
MONTANA,3.0,2014
MICHIGAN,9.0,2014
MARYLAND,1.0,2014
MICHIGAN,11.0,2014
MONTANA,3.0,2014
MARYLAND,2.0,2014
MARYLAND,1.0,2014
MISSOURI,4.0,2014
MISSOURI,4.0,2014
MICHIGAN,19.0,2014
MONTANA,1.0,2014
CALIFORNIA,18.0,2014
NEVADA,1.0,2014
CALIFORNIA,75.0,2014
NEW HAMPSHIRE,1.0,2014
UTAH,16.0,2014
CALIFORNIA,275.0,2014
UTAH,12.0,2014
OHIO,6.0,2014
CALIFORNIA,619.0,2014
NEVADA,7.0,2014
NORTH DAKOTA,4.0,2014
OHIO,2.0,2014
ARIZONA,1672.0,2014
CALIFORNIA,498.0,2014
NEW MEXICO,1.0,2014
NEBRASKA,1.0,2014
MONTANA,1.0,2014
NEBRASKA,1.0,2014
MARYLAND,2.0,2014
UTAH,15.0,2014
MARYLAND,1.0,2014
NEW HAMPSHIRE,1.0,2014
WYOMING,1.0,2014
NEBRASKA,1.0,2014
ARIZONA,675.0,2014
OREGON,1.0,2014
NORTH DAKOTA,1.0,2014
MONTANA,4.0,2014
OHIO,3.0,2014
NEVADA,1.0,2014
ARIZONA,2459.0,2014
UTAH,15.0,2014
MARYLAND,1.0,2014
MICHIGAN,11.0,2014
OREGON,1.0,2014
MISSOURI,3.0,2014
MICHIGAN,10.0,2014
CALIFORNIA,797.0,2014
MONTANA,1.0,2014
NEW HAMPSHIRE,1.0,2014
MONTANA,1.0,2014
MISSOURI,4.0,2014
NORTH DAKOTA,4.0,2014
ARIZONA,1079.0,2014
OHIO,3.0,2014
MARYLAND,1.0,2014
MINNESOTA,57.0,2014
MICHIGAN,14.0,2014
UTAH,9.0,2014
NORTH DAKOTA,4.0,2014
NEVADA,3.0,2014
MISSOURI,3.0,2014
NORTH DAKOTA,1.0,2014
NORTH DAKOTA,6.0,2014
MISSOURI,3.0,2014
OHIO,6.0,2014
UTAH,16.0,2014
UTAH,12.0,2014
CALIFORNIA,910.0,2014
ARIZONA,2920.0,2014
CALIFORNIA,972.0,2014
MONTANA,2.0,2014
MINNESOTA,41.0,2014
NEW MEXICO,2.0,2014
MISSOURI,5.0,2014
MONTANA,1.0,2014
WYOMING,1.0,2014
MINNESOTA,25.0,2014
UTAH,10.0,2014
MARYLAND,1.0,2014
MICHIGAN,5.0,2014
NEBRASKA,1.0,2014
CALIFORNIA,389.0,2014
UTAH,7.0,2014
MONTANA,4.0,2014
OHIO,3.0,2014
CALIFORNIA,362.0,2014
NORTH DAKOTA,5.0,2014
NEW HAMPSHIRE,1.0,2014
NEVADA,22.0,2014
UTAH,3.0,2014
MARYLAND,1.0,2014
OHIO,4.0,2014
MINNESOTA,41.0,2014
UTAH,1.0,2014
NEW MEXICO,2.0,2014
OHIO,5.0,2014
MICHIGAN,2.0,2014
MISSOURI,3.0,2014
MINNESOTA,15.0,2014
MICHIGAN,17.0,2014
CALIFORNIA,9.0,2014
MISSOURI,3.0,2014
OHIO,3.0,2014
UTAH,15.0,2014
NEBRASKA,1.0,2014
ARIZONA,938.0,2014
OHIO,3.0,2014
MISSOURI,3.0,2014
UTAH,3.0,2014
OHIO,5.0,2014
NORTH DAKOTA,1.0,2014
ARIZONA,23.0,2014
NORTH DAKOTA,1.0,2014
MINNESOTA,22.0,2014
ARIZONA,652.0,2014
MISSOURI,3.0,2014
MARYLAND,1.0,2014
OHIO,6.0,2014
NORTH DAKOTA,5.0,2014
MARYLAND,2.0,2014
MONTANA,2.0,2014
NEW MEXICO,4.0,2014
CALIFORNIA,243.0,2014
WYOMING,1.0,2014
MONTANA,1.0,2014
CALIFORNIA,193.0,2014
OHIO,6.0,2014
MISSOURI,1.0,2014
UTAH,2.0,2014
NEW MEXICO,1.0,2014
NEBRASKA,1.0,2014
NEBRASKA,1.0,2014
MARYLAND,2.0,2014
NORTH DAKOTA,5.0,2014
NEVADA,8.0,2014
MINNESOTA,15.0,2014
NEW MEXICO,1.0,2014
NORTH DAKOTA,7.0,2014
NEW HAMPSHIRE,1.0,2014
MICHIGAN,18.0,2014
UTAH,15.0,2014
MICHIGAN,11.0,2014
NEVADA,34.0,2014
NEBRASKA,1.0,2014
MICHIGAN,8.0,2014
ARIZONA,1079.0,2014
OHIO,3.0,2014
NORTH DAKOTA,1.0,2014
NEBRASKA,1.0,2014
CALIFORNIA,323.0,2014
CALIFORNIA,152.0,2014
UTAH,10.0,2014
NEW MEXICO,4.0,2014
ARIZONA,1199.0,2014
CALIFORNIA,414.0,2014
NEBRASKA,1.0,2014
UTAH,6.0,2014
OHIO,1.0,2014
MICHIGAN,11.0,2014
MARYLAND,1.0,2014
CALIFORNIA,448.0,2014
MICHIGAN,13.0,2014
MINNESOTA,29.0,2014
NEW MEXICO,1.0,2014
MARYLAND,1.0,2014
ARIZONA,253.0,2014
ARIZONA,689.0,2014
MONTANA,1.0,2014
NEVADA,30.0,2014
ARIZONA,2635.0,2014
ARIZONA,4.0,2014
MISSOURI,4.0,2014
CALIFORNIA,1007.0,2014
NEBRASKA,1.0,2014
MICHIGAN,6.0,2014
NEBRASKA,1.0,2014
OHIO,2.0,2014
CALIFORNIA,193.0,2014
MONTANA,1.0,2014
UTAH,15.0,2014
LOUISIANA,1.0,2014
OHIO,1.0,2014
MICHIGAN,16.0,2014
MISSOURI,3.0,2014
MICHIGAN,3.0,2014
MONTANA,1.0,2014
NEW MEXICO,2.0,2014
MICHIGAN,6.0,2014
MICHIGAN,11.0,2014
NEBRASKA,1.0,2014
NORTH DAKOTA,5.0,2014
UTAH,9.0,2014
ARIZONA,621.0,2014
NEVADA,8.0,2014
CALIFORNIA,845.0,2014
ARIZONA,549.0,2014
NEVADA,3.0,2014
ARIZONA,764.0,2014
NEW MEXICO,2.0,2014
MONTANA,3.0,2014
UTAH,12.0,2014
ARIZONA,545.0,2014
NEW MEXICO,1.0,2014
OHIO,3.0,2014
ARIZONA,3092.0,2014
CALIFORNIA,126.0,2014
MARYLAND,2.0,2014
NEVADA,30.0,2014
CALIFORNIA,498.0,2014
NEBRASKA,1.0,2014
NEVADA,8.0,2014
NEBRASKA,1.0,2014
UTAH,3.0,2014
MISSOURI,4.0,2014
ARIZONA,510.0,2014
MARYLAND,3.0,2014
NORTH DAKOTA,6.0,2014
MISSOURI,3.0,2014
NEVADA,32.0,2014
ARIZONA,2138.0,2014
MARYLAND,1.0,2014
MISSOURI,1.0,2014
NEBRASKA,1.0,2014
NEVADA,25.0,2014
UTAH,7.0,2014
UTAH,16.0,2014
MARYLAND,1.0,2014
MICHIGAN,11.0,2014
CALIFORNIA,32.0,2014
NEVADA,21.0,2014
CALIFORNIA,699.0,2014
MISSOURI,4.0,2014
ARIZONA,2768.0,2014
OHIO,3.0,2014
OHIO,1.0,2014
MISSOURI,3.0,2014
MONTANA,1.0,2014
MARYLAND,1.0,2014
OREGON,1.0,2014
NEVADA,7.0,2014
NEVADA,22.0,2014
MONTANA,1.0,2014
NEVADA,16.0,2014
MONTANA,1.0,2014
OHIO,3.0,2014
NEW HAMPSHIRE,1.0,2014
OHIO,3.0,2014
NEBRASKA,1.0,2014
ARIZONA,675.0,2014
NEVADA,17.0,2014
NEW HAMPSHIRE,1.0,2014
MINNESOTA,19.0,2014
MICHIGAN,15.0,2014
MISSOURI,3.0,2014
MINNESOTA,41.0,2014
NEVADA,32.0,2014
MISSOURI,3.0,2014
ARIZONA,674.0,2014
MARYLAND,1.0,2014
MONTANA,1.0,2014
WYOMING,1.0,2014
NEVADA,25.0,2014
NEBRASKA,1.0,2014
MISSOURI,3.0,2014
WYOMING,1.0,2014
S. ATLANTIC,3.0,2014
NORTH DAKOTA,6.0,2014
CALIFORNIA,1036.0,2014
OHIO,7.0,2014
OREGON,1.0,2014
ARIZONA,3402.0,2014
WYOMING,1.0,2014
NEW HAMPSHIRE,1.0,2014
MINNESOTA,44.0,2014
LOUISIANA,1.0,2014
NEVADA,34.0,2014
MICHIGAN,20.0,2014
MONTANA,6.0,2014
NEBRASKA,1.0,2014
MARYLAND,3.0,2014
NEW MEXICO,5.0,2014
MISSOURI,4.0,2014
S. ATLANTIC,4.0,2014
MINNESOTA,44.0,2014
UTAH,16.0,2014
CALIFORNIA,1098.0,2014
MONTANA,7.0,2014
MICHIGAN,20.0,2014
ARIZONA,3536.0,2014
NEW HAMPSHIRE,1.0,2014
LOUISIANA,1.0,2014
RHODE ISLAND,2.0,2014
NORTH DAKOTA,7.0,2014
WYOMING,2.0,2014
NEBRASKA,1.0,2014
NEVADA,34.0,2014
OREGON,1.0,2014
MARYLAND,4.0,2014
OHIO,7.0,2014
NEW MEXICO,5.0,2014
MISSOURI,4.0,2014
S. ATLANTIC,4.0,2014
NEVADA,34.0,2014
OREGON,1.0,2014
NEW HAMPSHIRE,1.0,2014
NEW MEXICO,5.0,2014
OHIO,7.0,2014
ARIZONA,3602.0,2014
CALIFORNIA,1122.0,2014
MISSOURI,4.0,2014
UTAH,16.0,2014
MONTANA,7.0,2014
RHODE ISLAND,2.0,2014
LOUISIANA,1.0,2014
WYOMING,2.0,2014
MARYLAND,4.0,2014
MINNESOTA,48.0,2014
NEBRASKA,1.0,2014
NORTH DAKOTA,7.0,2014
MICHIGAN,22.0,2014
S. ATLANTIC,4.0,2014
ARIZONA,3675.0,2014
RHODE ISLAND,2.0,2014
NORTH DAKOTA,7.0,2014
NEW MEXICO,5.0,2014
UTAH,19.0,2014
NEBRASKA,1.0,2014
CALIFORNIA,1152.0,2014
MINNESOTA,49.0,2014
NEVADA,38.0,2014
OHIO,7.0,2014
MISSOURI,4.0,2014
WYOMING,2.0,2014
NEW HAMPSHIRE,1.0,2014
MARYLAND,4.0,2014
LOUISIANA,1.0,2014
MICHIGAN,23.0,2014
OREGON,1.0,2014
MONTANA,7.0,2014
S. ATLANTIC,4.0,2014
NEW HAMPSHIRE,1.0,2014
MISSOURI,4.0,2014
MICHIGAN,25.0,2014
NEBRASKA,1.0,2014
CALIFORNIA,1192.0,2014
ARIZONA,3675.0,2014
OREGON,1.0,2014
WYOMING,2.0,2014
UTAH,19.0,2014
NEVADA,38.0,2014
OHIO,8.0,2014
NEW MEXICO,9.0,2014
MINNESOTA,52.0,2014
MARYLAND,4.0,2014
MONTANA,7.0,2014
LOUISIANA,1.0,2014
RHODE ISLAND,2.0,2014
NORTH DAKOTA,7.0,2014
S. ATLANTIC,4.0,2014
MICHIGAN,25.0,2014
WYOMING,2.0,2014
NEW HAMPSHIRE,1.0,2014
RHODE ISLAND,2.0,2014
OREGON,2.0,2014
CALIFORNIA,1192.0,2014
MONTANA,7.0,2014
NEW MEXICO,9.0,2014
NORTH DAKOTA,7.0,2014
UTAH,20.0,2014
NEVADA,38.0,2014
LOUISIANA,1.0,2014
MISSOURI,4.0,2014
MINNESOTA,56.0,2014
NEBRASKA,1.0,2014
ARIZONA,3831.0,2014
OHIO,8.0,2014
MARYLAND,4.0,2014
NEW HAMPSHIRE,1.0,2014
RHODE ISLAND,2.0,2014
MICHIGAN,25.0,2014
OHIO,8.0,2014
S. ATLANTIC,4.0,2014
MARYLAND,4.0,2014
LOUISIANA,1.0,2014
ARIZONA,3883.0,2014
MONTANA,7.0,2014
NEVADA,39.0,2014
NEW MEXICO,10.0,2014
UTAH,20.0,2014
WYOMING,2.0,2014
CALIFORNIA,1272.0,2014
OREGON,2.0,2014
S. ATLANTIC,5.0,2014
RHODE ISLAND,2.0,2014
LOUISIANA,1.0,2014
ARIZONA,3952.0,2014
MONTANA,7.0,2014
NEVADA,41.0,2014
UTAH,21.0,2014
MICHIGAN,25.0,2014
OREGON,3.0,2014
MISSOURI,5.0,2014
CALIFORNIA,1326.0,2014
WYOMING,2.0,2014
OHIO,8.0,2014
MARYLAND,5.0,2014
NORTH DAKOTA,7.0,2014
MINNESOTA,57.0,2014
NEW MEXICO,12.0,2014
NEBRASKA,1.0,2014
NEW HAMPSHIRE,2.0,2014
UTAH,21.0,2014
S. ATLANTIC,5.0,2014
NEBRASKA,1.0,2014
OHIO,10.0,2014
LOUISIANA,1.0,2014
NORTH DAKOTA,7.0,2014
MICHIGAN,25.0,2014
NEVADA,42.0,2014
RHODE ISLAND,2.0,2014
WISCONSIN,2.0,2014
CALIFORNIA,1370.0,2014
MONTANA,8.0,2014
MISSOURI,5.0,2014
ARIZONA,3875.0,2014
NEW HAMPSHIRE,2.0,2014
NEW MEXICO,12.0,2014
OREGON,3.0,2014
MINNESOTA,59.0,2014
WYOMING,2.0,2014
MARYLAND,5.0,2014
S. ATLANTIC,7.0,2014
WYOMING,2.0,2014
NORTH DAKOTA,7.0,2014
NEBRASKA,1.0,2014
OHIO,11.0,2014
OREGON,3.0,2014
UTAH,22.0,2014
MARYLAND,7.0,2014
MONTANA,8.0,2014
NEVADA,43.0,2014
CALIFORNIA,1424.0,2014
MISSOURI,5.0,2014
MICHIGAN,26.0,2014
WISCONSIN,2.0,2014
NEW MEXICO,14.0,2014
MINNESOTA,59.0,2014
NEW HAMPSHIRE,2.0,2014
RHODE ISLAND,2.0,2014
LOUISIANA,1.0,2014
ARIZONA,4014.0,2014
S. ATLANTIC,8.0,2014
RHODE ISLAND,2.0,2014
NEVADA,43.0,2014
NEBRASKA,1.0,2014
NEW HAMPSHIRE,2.0,2014
UTAH,22.0,2014
NORTH DAKOTA,7.0,2014
WISCONSIN,2.0,2014
WYOMING,2.0,2014
OHIO,11.0,2014
ARIZONA,4118.0,2014
MINNESOTA,59.0,2014
MARYLAND,8.0,2014
MICHIGAN,27.0,2014
CALIFORNIA,1469.0,2014
LOUISIANA,1.0,2014
MISSOURI,6.0,2014
NEW MEXICO,14.0,2014
OREGON,3.0,2014
MONTANA,8.0,2014
S. ATLANTIC,8.0,2014
WISCONSIN,2.0,2014
MISSOURI,6.0,2014
OHIO,12.0,2014
LOUISIANA,1.0,2014
NEW HAMPSHIRE,2.0,2014
MARYLAND,8.0,2014
UTAH,23.0,2014
NEW MEXICO,15.0,2014
WYOMING,2.0,2014
ARIZONA,4185.0,2014
CALIFORNIA,1469.0,2014
MICHIGAN,27.0,2014
OREGON,3.0,2014
RHODE ISLAND,2.0,2014
MINNESOTA,62.0,2014
NEVADA,43.0,2014
MONTANA,8.0,2014
NEBRASKA,1.0,2014
NORTH DAKOTA,7.0,2014
S. ATLANTIC,8.0,2014
MARYLAND,8.0,2014
CALIFORNIA,1530.0,2014
WISCONSIN,2.0,2014
RHODE ISLAND,2.0,2014
MINNESOTA,63.0,2014
NEW MEXICO,16.0,2014
WYOMING,2.0,2014
LOUISIANA,1.0,2014
NEBRASKA,1.0,2014
MICHIGAN,27.0,2014
NEVADA,48.0,2014
MONTANA,8.0,2014
OREGON,3.0,2014
MISSOURI,6.0,2014
UTAH,23.0,2014
NEW HAMPSHIRE,2.0,2014
NORTH DAKOTA,7.0,2014
ARIZONA,4279.0,2014
OHIO,13.0,2014
S. ATLANTIC,8.0,2014
RHODE ISLAND,2.0,2014
MISSOURI,6.0,2014
OREGON,3.0,2014
MICHIGAN,27.0,2014
MINNESOTA,65.0,2014
NEW MEXICO,19.0,2014
MARYLAND,8.0,2014
LOUISIANA,1.0,2014
CALIFORNIA,1562.0,2014
NORTH DAKOTA,7.0,2014
UTAH,23.0,2014
NEBRASKA,1.0,2014
NEW HAMPSHIRE,2.0,2014
ARIZONA,4365.0,2014
NEVADA,48.0,2014
WISCONSIN,2.0,2014
WYOMING,2.0,2014
MONTANA,8.0,2014
OHIO,14.0,2014
S. ATLANTIC,8.0,2014
UTAH,27.0,2014
OREGON,3.0,2014
NEVADA,48.0,2014
NEBRASKA,1.0,2014
RHODE ISLAND,2.0,2014
MONTANA,8.0,2014
MARYLAND,8.0,2014
OHIO,14.0,2014
NEW HAMPSHIRE,2.0,2014
NEW MEXICO,19.0,2014
MICHIGAN,29.0,2014
MINNESOTA,65.0,2014
LOUISIANA,1.0,2014
WYOMING,2.0,2014
CALIFORNIA,1608.0,2014
ARIZONA,4487.0,2014
NORTH DAKOTA,8.0,2014
MISSOURI,11.0,2014
WISCONSIN,2.0,2014
S. ATLANTIC,8.0,2014
MISSOURI,11.0,2014
NEW MEXICO,19.0,2014
CALIFORNIA,1642.0,2014
MARYLAND,8.0,2014
WISCONSIN,2.0,2014
NEVADA,49.0,2014
OHIO,14.0,2014
NEBRASKA,2.0,2014
MICHIGAN,30.0,2014
MINNESOTA,68.0,2014
OREGON,3.0,2014
MONTANA,8.0,2014
WYOMING,2.0,2014
RHODE ISLAND,2.0,2014
NEW HAMPSHIRE,2.0,2014
ARIZONA,4589.0,2014
LOUISIANA,1.0,2014
UTAH,28.0,2014
NORTH DAKOTA,8.0,2014
S. ATLANTIC,8.0,2014
NORTH DAKOTA,6.0,2014
MISSOURI,11.0,2014
ARIZONA,4644.0,2014
NEBRASKA,3.0,2014
OREGON,4.0,2014
MARYLAND,8.0,2014
NEVADA,51.0,2014
MONTANA,8.0,2014
LOUISIANA,2.0,2014
OHIO,14.0,2014
UTAH,28.0,2014
MINNESOTA,68.0,2014
WYOMING,2.0,2014
RHODE ISLAND,2.0,2014
CALIFORNIA,1675.0,2014
NEW MEXICO,19.0,2014
NEW HAMPSHIRE,3.0,2014
WISCONSIN,2.0,2014
MICHIGAN,29.0,2014
S. ATLANTIC,8.0,2014
WISCONSIN,2.0,2014
NEW MEXICO,19.0,2014
OREGON,4.0,2014
MONTANA,8.0,2014
NORTH DAKOTA,7.0,2014
MICHIGAN,29.0,2014
NEVADA,51.0,2014
NEBRASKA,4.0,2014
WYOMING,2.0,2014
MINNESOTA,70.0,2014
NEW HAMPSHIRE,3.0,2014
MARYLAND,8.0,2014
CALIFORNIA,1755.0,2014
LOUISIANA,2.0,2014
RHODE ISLAND,2.0,2014
OHIO,15.0,2014
MISSOURI,12.0,2014
UTAH,28.0,2014
ARIZONA,4723.0,2014
S. ATLANTIC,8.0,2014
LOUISIANA,2.0,2014
WISCONSIN,2.0,2014
NEW MEXICO,19.0,2014
MONTANA,8.0,2014
CALIFORNIA,1755.0,2014
WYOMING,2.0,2014
ARIZONA,4825.0,2014
NORTH DAKOTA,7.0,2014
MICHIGAN,29.0,2014
RHODE ISLAND,2.0,2014
MISSOURI,13.0,2014
UTAH,28.0,2014
NEVADA,54.0,2014
OREGON,4.0,2014
MARYLAND,8.0,2014
MINNESOTA,72.0,2014
NEBRASKA,4.0,2014
NEW HAMPSHIRE,3.0,2014
OHIO,15.0,2014
S. ATLANTIC,8.0,2014
OREGON,4.0,2014
CALIFORNIA,1845.0,2014
MISSOURI,13.0,2014
OHIO,15.0,2014
NEBRASKA,4.0,2014
WISCONSIN,2.0,2014
MONTANA,8.0,2014
WYOMING,2.0,2014
RHODE ISLAND,2.0,2014
UTAH,28.0,2014
NORTH DAKOTA,7.0,2014
NEW MEXICO,21.0,2014
LOUISIANA,2.0,2014
MARYLAND,8.0,2014
MINNESOTA,74.0,2014
MICHIGAN,29.0,2014
ARIZONA,4919.0,2014
NEW HAMPSHIRE,3.0,2014
NEVADA,54.0,2014
S. ATLANTIC,8.0,2014
RHODE ISLAND,2.0,2014
OREGON,4.0,2014
WYOMING,2.0,2014
UTAH,28.0,2014
LOUISIANA,2.0,2014
MARYLAND,8.0,2014
MISSOURI,14.0,2014
MONTANA,8.0,2014
MINNESOTA,77.0,2014
NEVADA,55.0,2014
NEW MEXICO,21.0,2014
ARIZONA,4957.0,2014
WISCONSIN,2.0,2014
NORTH DAKOTA,7.0,2014
NEW HAMPSHIRE,3.0,2014
OHIO,15.0,2014
NEBRASKA,4.0,2014
CALIFORNIA,1903.0,2014
MICHIGAN,30.0,2014
S. ATLANTIC,8.0,2014
RHODE ISLAND,2.0,2014
WISCONSIN,2.0,2014
CALIFORNIA,1991.0,2014
MARYLAND,8.0,2014
NEW HAMPSHIRE,3.0,2014
MINNESOTA,77.0,2014
ARIZONA,4981.0,2014
OREGON,4.0,2014
MONTANA,8.0,2014
NORTH DAKOTA,7.0,2014
NEVADA,59.0,2014
NEW MEXICO,21.0,2014
OHIO,15.0,2014
NEBRASKA,4.0,2014
WYOMING,2.0,2014
LOUISIANA,2.0,2014
UTAH,30.0,2014
MICHIGAN,30.0,2014
MISSOURI,15.0,2014
S. ATLANTIC,8.0,2014
NEW MEXICO,24.0,2014
MISSOURI,15.0,2014
WISCONSIN,2.0,2014
MARYLAND,8.0,2014
NEVADA,59.0,2014
RHODE ISLAND,2.0,2014
MICHIGAN,30.0,2014
UTAH,30.0,2014
WYOMING,2.0,2014
LOUISIANA,2.0,2014
NORTH DAKOTA,7.0,2014
NEW HAMPSHIRE,3.0,2014
MONTANA,8.0,2014
MINNESOTA,79.0,2014
OHIO,16.0,2014
ARIZONA,5155.0,2014
OREGON,4.0,2014
NEBRASKA,4.0,2014
CALIFORNIA,1991.0,2014
S. ATLANTIC,8.0,2014
MISSOURI,17.0,2014
NORTH DAKOTA,7.0,2014
LOUISIANA,2.0,2014
WISCONSIN,3.0,2014
NEW MEXICO,24.0,2014
WYOMING,2.0,2014
NEBRASKA,4.0,2014
OREGON,4.0,2014
NEVADA,61.0,2014
RHODE ISLAND,2.0,2014
MICHIGAN,30.0,2014
MONTANA,8.0,2014
MINNESOTA,79.0,2014
CALIFORNIA,2071.0,2014
OHIO,16.0,2014
NEW HAMPSHIRE,3.0,2014
ARIZONA,5165.0,2014
UTAH,30.0,2014
MARYLAND,8.0,2014
S. ATLANTIC,8.0,2014
RHODE ISLAND,2.0,2014
MONTANA,8.0,2014
CALIFORNIA,2163.0,2014
NORTH DAKOTA,7.0,2014
OREGON,4.0,2014
MARYLAND,8.0,2014
NEBRASKA,4.0,2014
MINNESOTA,80.0,2014
UTAH,30.0,2014
OHIO,16.0,2014
NEW MEXICO,24.0,2014
MICHIGAN,30.0,2014
MISSOURI,17.0,2014
LOUISIANA,2.0,2014
ARIZONA,5334.0,2014
NEW HAMPSHIRE,3.0,2014
NEVADA,61.0,2014
WISCONSIN,3.0,2014
WYOMING,2.0,2014
S. ATLANTIC,9.0,2014
NEW HAMPSHIRE,3.0,2014
NORTH DAKOTA,7.0,2014
NEVADA,65.0,2014
ARIZONA,5453.0,2014
MARYLAND,9.0,2014
MICHIGAN,30.0,2014
WYOMING,2.0,2014
UTAH,30.0,2014
WISCONSIN,3.0,2014
OREGON,4.0,2014
NEW MEXICO,26.0,2014
LOUISIANA,2.0,2014
MISSOURI,17.0,2014
OHIO,16.0,2014
NEBRASKA,4.0,2014
CALIFORNIA,2211.0,2014
MINNESOTA,80.0,2014
RHODE ISLAND,2.0,2014
MONTANA,9.0,2014
S. ATLANTIC,9.0,2014
MINNESOTA,83.0,2014
RHODE ISLAND,2.0,2014
NEW MEXICO,26.0,2014
NEVADA,65.0,2014
NEBRASKA,4.0,2014
MISSOURI,17.0,2014
NEW HAMPSHIRE,3.0,2014
WYOMING,2.0,2014
MICHIGAN,30.0,2014
UTAH,30.0,2014
CALIFORNIA,2213.0,2014
MONTANA,9.0,2014
NORTH DAKOTA,8.0,2014
MARYLAND,9.0,2014
OREGON,4.0,2014
OHIO,16.0,2014
ARIZONA,5551.0,2014
WISCONSIN,3.0,2014
LOUISIANA,3.0,2014
S. ATLANTIC,9.0,2014
MICHIGAN,31.0,2014
WISCONSIN,3.0,2014
NORTH DAKOTA,8.0,2014
OREGON,4.0,2014
NEW HAMPSHIRE,3.0,2014
MINNESOTA,88.0,2014
OHIO,16.0,2014
NEBRASKA,4.0,2014
NEVADA,66.0,2014
NEW MEXICO,26.0,2014
RHODE ISLAND,2.0,2014
ARIZONA,5630.0,2014
UTAH,30.0,2014
MISSOURI,17.0,2014
MARYLAND,9.0,2014
CALIFORNIA,2247.0,2014
MONTANA,9.0,2014
WYOMING,2.0,2014
LOUISIANA,3.0,2014
S. ATLANTIC,10.0,2014
WISCONSIN,3.0,2014
WYOMING,2.0,2014
OREGON,4.0,2014
LOUISIANA,3.0,2014
MISSOURI,18.0,2014
OHIO,16.0,2014
RHODE ISLAND,2.0,2014
NEBRASKA,4.0,2014
MICHIGAN,31.0,2014
NEW MEXICO,26.0,2014
MARYLAND,10.0,2014
ARIZONA,5709.0,2014
NEVADA,66.0,2014
MONTANA,10.0,2014
NEW HAMPSHIRE,3.0,2014
CALIFORNIA,1742.0,2014
UTAH,30.0,2014
MINNESOTA,88.0,2014
NORTH DAKOTA,8.0,2014
ARIZONA,1567.0,2015
OHIO,2.0,2015
CALIFORNIA,338.0,2015
MISSOURI,1.0,2015
UTAH,8.0,2015
MARYLAND,2.0,2015
NEBRASKA,3.0,2015
WYOMING,1.0,2015
NEVADA,17.0,2015
S. ATLANTIC,2.0,2015
MICHIGAN,5.0,2015
OREGON,2.0,2015
NEW MEXICO,3.0,2015
MONTANA,3.0,2015
OREGON,2.0,2015
NEVADA,23.0,2015
MISSOURI,1.0,2015
WYOMING,1.0,2015
LOUISIANA,1.0,2015
CALIFORNIA,662.0,2015
UTAH,8.0,2015
MICHIGAN,8.0,2015
OHIO,2.0,2015
NEVADA,18.0,2015
S. ATLANTIC,2.0,2015
WYOMING,1.0,2015
NEBRASKA,3.0,2015
MINNESOTA,23.0,2015
MARYLAND,2.0,2015
MONTANA,3.0,2015
OREGON,2.0,2015
MISSOURI,1.0,2015
NEW MEXICO,3.0,2015
UTAH,8.0,2015
CALIFORNIA,431.0,2015
MICHIGAN,5.0,2015
ARIZONA,1770.0,2015
NEBRASKA,3.0,2015
ARIZONA,2144.0,2015
OHIO,2.0,2015
S. ATLANTIC,3.0,2015
MARYLAND,3.0,2015
MINNESOTA,32.0,2015
MONTANA,4.0,2015
NEW MEXICO,3.0,2015
ARIZONA,1896.0,2015
MISSOURI,1.0,2015
NEBRASKA,3.0,2015
WYOMING,1.0,2015
MINNESOTA,25.0,2015
UTAH,8.0,2015
MICHIGAN,7.0,2015
OHIO,2.0,2015
MONTANA,4.0,2015
NEVADA,18.0,2015
OREGON,2.0,2015
CALIFORNIA,432.0,2015
S. ATLANTIC,2.0,2015
MARYLAND,2.0,2015
NEW MEXICO,6.0,2015
LOUISIANA,2.0,2015
NEBRASKA,6.0,2015
S. ATLANTIC,4.0,2015
MISSOURI,1.0,2015
NEW MEXICO,13.0,2015
MICHIGAN,14.0,2015
WISCONSIN,5.0,2015
NORTH DAKOTA,5.0,2015
MICHIGAN,8.0,2015
MISSOURI,1.0,2015
NEBRASKA,3.0,2015
MINNESOTA,27.0,2015
MARYLAND,3.0,2015
WYOMING,1.0,2015
OHIO,2.0,2015
CALIFORNIA,508.0,2015
S. ATLANTIC,3.0,2015
NEW MEXICO,4.0,2015
UTAH,8.0,2015
OREGON,2.0,2015
ARIZONA,2002.0,2015
LOUISIANA,1.0,2015
MONTANA,4.0,2015
NEVADA,22.0,2015
NEW MEXICO,6.0,2015
MARYLAND,3.0,2015
NEVADA,23.0,2015
MINNESOTA,37.0,2015
OHIO,2.0,2015
S. ATLANTIC,3.0,2015
ARIZONA,2277.0,2015
MICHIGAN,8.0,2015
OREGON,2.0,2015
WYOMING,1.0,2015
NEBRASKA,4.0,2015
WISCONSIN,1.0,2015
UTAH,8.0,2015
LOUISIANA,1.0,2015
MONTANA,4.0,2015
MISSOURI,1.0,2015
CALIFORNIA,724.0,2015
UTAH,22.0,2015
MISSOURI,1.0,2015
MONTANA,7.0,2015
NEVADA,57.0,2015
CALIFORNIA,1743.0,2015
LOUISIANA,1.0,2015
UTAH,8.0,2015
OHIO,2.0,2015
MARYLAND,3.0,2015
NORTH DAKOTA,1.0,2015
WISCONSIN,1.0,2015
S. ATLANTIC,3.0,2015
WYOMING,1.0,2015
NEW MEXICO,6.0,2015
NEBRASKA,4.0,2015
CALIFORNIA,780.0,2015
MONTANA,4.0,2015
ARIZONA,2407.0,2015
MISSOURI,1.0,2015
OREGON,3.0,2015
NEVADA,23.0,2015
MINNESOTA,37.0,2015
MICHIGAN,9.0,2015
LOUISIANA,2.0,2015
NEW MEXICO,14.0,2015
NORTH DAKOTA,4.0,2015
OHIO,7.0,2015
NEBRASKA,6.0,2015
MINNESOTA,61.0,2015
MICHIGAN,14.0,2015
WYOMING,10.0,2015
MARYLAND,4.0,2015
LOUISIANA,1.0,2015
WYOMING,1.0,2015
NORTH DAKOTA,2.0,2015
NEBRASKA,5.0,2015
MINNESOTA,39.0,2015
S. ATLANTIC,3.0,2015
OHIO,4.0,2015
OREGON,3.0,2015
MARYLAND,3.0,2015
MONTANA,4.0,2015
UTAH,8.0,2015
NEVADA,23.0,2015
WISCONSIN,2.0,2015
MICHIGAN,9.0,2015
MISSOURI,1.0,2015
NEW MEXICO,6.0,2015
CALIFORNIA,829.0,2015
ARIZONA,2527.0,2015
WISCONSIN,5.0,2015
ARKANSAS,2.0,2015
ARIZONA,4758.0,2015
S. ATLANTIC,4.0,2015
OREGON,8.0,2015
MISSOURI,1.0,2015
UTAH,22.0,2015
S. ATLANTIC,4.0,2015
UTAH,17.0,2015
ARIZONA,2685.0,2015
NEBRASKA,5.0,2015
MONTANA,4.0,2015
OREGON,3.0,2015
NEW MEXICO,6.0,2015
CALIFORNIA,903.0,2015
OHIO,4.0,2015
LOUISIANA,1.0,2015
WISCONSIN,2.0,2015
S. ATLANTIC,3.0,2015
MISSOURI,1.0,2015
MARYLAND,3.0,2015
MINNESOTA,41.0,2015
MICHIGAN,10.0,2015
NEVADA,23.0,2015
WYOMING,1.0,2015
NORTH DAKOTA,2.0,2015
UTAH,22.0,2015
NEBRASKA,6.0,2015
NEW MEXICO,15.0,2015
S. ATLANTIC,4.0,2015
LOUISIANA,3.0,2015
ARKANSAS,2.0,2015
NORTH DAKOTA,4.0,2015
WYOMING,1.0,2015
MONTANA,5.0,2015
MINNESOTA,43.0,2015
MARYLAND,4.0,2015
OHIO,4.0,2015
UTAH,17.0,2015
CALIFORNIA,940.0,2015
MISSOURI,1.0,2015
NEBRASKA,5.0,2015
WISCONSIN,3.0,2015
ARIZONA,2823.0,2015
OREGON,4.0,2015
NEW MEXICO,6.0,2015
LOUISIANA,1.0,2015
MICHIGAN,10.0,2015
NORTH DAKOTA,2.0,2015
S. ATLANTIC,4.0,2015
NEVADA,23.0,2015
WYOMING,10.0,2015
CALIFORNIA,1798.0,2015
WISCONSIN,5.0,2015
OREGON,8.0,2015
MINNESOTA,62.0,2015
MICHIGAN,14.0,2015
WYOMING,1.0,2015
OREGON,4.0,2015
UTAH,17.0,2015
MICHIGAN,11.0,2015
MINNESOTA,44.0,2015
NEW MEXICO,6.0,2015
NORTH DAKOTA,2.0,2015
ARIZONA,2970.0,2015
NEBRASKA,5.0,2015
S. ATLANTIC,4.0,2015
WISCONSIN,4.0,2015
OHIO,4.0,2015
MARYLAND,4.0,2015
MISSOURI,1.0,2015
MONTANA,5.0,2015
CALIFORNIA,1009.0,2015
LOUISIANA,2.0,2015
NEVADA,23.0,2015
MARYLAND,4.0,2015
MISSOURI,1.0,2015
MONTANA,7.0,2015
WYOMING,1.0,2015
S. ATLANTIC,4.0,2015
OREGON,4.0,2015
MINNESOTA,44.0,2015
NEVADA,23.0,2015
ARIZONA,3137.0,2015
MARYLAND,4.0,2015
MISSOURI,1.0,2015
NORTH DAKOTA,2.0,2015
UTAH,17.0,2015
WISCONSIN,5.0,2015
LOUISIANA,2.0,2015
CALIFORNIA,1092.0,2015
MONTANA,5.0,2015
NEW MEXICO,12.0,2015
MICHIGAN,11.0,2015
OHIO,4.0,2015
NEBRASKA,5.0,2015
OHIO,7.0,2015
NEVADA,59.0,2015
ARIZONA,4978.0,2015
NORTH DAKOTA,2.0,2015
OHIO,5.0,2015
WYOMING,1.0,2015
S. ATLANTIC,4.0,2015
OREGON,6.0,2015
NEW MEXICO,12.0,2015
ARIZONA,3278.0,2015
MISSOURI,1.0,2015
CALIFORNIA,1151.0,2015
NEBRASKA,5.0,2015
LOUISIANA,2.0,2015
WISCONSIN,5.0,2015
UTAH,22.0,2015
MICHIGAN,11.0,2015
MARYLAND,4.0,2015
MINNESOTA,44.0,2015
MONTANA,5.0,2015
NEVADA,23.0,2015
MISSOURI,1.0,2015
ARIZONA,5215.0,2015
NORTH DAKOTA,2.0,2015
ARKANSAS,1.0,2015
WYOMING,1.0,2015
CALIFORNIA,1218.0,2015
ARIZONA,3484.0,2015
MINNESOTA,47.0,2015
MISSOURI,1.0,2015
OREGON,6.0,2015
MARYLAND,4.0,2015
WISCONSIN,5.0,2015
UTAH,22.0,2015
NEBRASKA,5.0,2015
S. ATLANTIC,4.0,2015
NEW MEXICO,13.0,2015
OHIO,5.0,2015
NEVADA,47.0,2015
LOUISIANA,2.0,2015
MICHIGAN,11.0,2015
MONTANA,5.0,2015
NEW MEXICO,15.0,2015
S. ATLANTIC,4.0,2015
MONTANA,7.0,2015
OREGON,8.0,2015
MARYLAND,4.0,2015
CALIFORNIA,1847.0,2015
MINNESOTA,48.0,2015
MONTANA,5.0,2015
OREGON,6.0,2015
NEVADA,47.0,2015
MICHIGAN,12.0,2015
NEBRASKA,5.0,2015
ARIZONA,3649.0,2015
S. ATLANTIC,4.0,2015
NORTH DAKOTA,2.0,2015
MARYLAND,4.0,2015
ARKANSAS,1.0,2015
WISCONSIN,5.0,2015
NEW MEXICO,13.0,2015
MISSOURI,1.0,2015
CALIFORNIA,936.0,2015
OHIO,5.0,2015
WYOMING,1.0,2015
UTAH,22.0,2015
LOUISIANA,2.0,2015
WISCONSIN,5.0,2015
MINNESOTA,48.0,2015
MISSOURI,1.0,2015
MICHIGAN,13.0,2015
MONTANA,6.0,2015
OREGON,6.0,2015
NEW MEXICO,13.0,2015
ARKANSAS,2.0,2015
CALIFORNIA,1463.0,2015
WYOMING,1.0,2015
NEVADA,49.0,2015
OHIO,5.0,2015
UTAH,22.0,2015
NEBRASKA,6.0,2015
WISCONSIN,5.0,2015
MARYLAND,4.0,2015
S. ATLANTIC,4.0,2015
LOUISIANA,2.0,2015
NORTH DAKOTA,2.0,2015
ARIZONA,3782.0,2015
NEVADA,60.0,2015
WYOMING,10.0,2015
OHIO,8.0,2015
NEBRASKA,6.0,2015
MICHIGAN,14.0,2015
UTAH,22.0,2015
NORTH DAKOTA,4.0,2015
ARKANSAS,3.0,2015
UTAH,22.0,2015
NEVADA,49.0,2015
OREGON,6.0,2015
CALIFORNIA,1496.0,2015
MONTANA,6.0,2015
LOUISIANA,2.0,2015
OHIO,6.0,2015
S. ATLANTIC,4.0,2015
NEW MEXICO,13.0,2015
WYOMING,1.0,2015
MISSOURI,1.0,2015
MARYLAND,4.0,2015
ARIZONA,4004.0,2015
WISCONSIN,5.0,2015
NEBRASKA,6.0,2015
MICHIGAN,13.0,2015
MINNESOTA,48.0,2015
ARKANSAS,2.0,2015
NORTH DAKOTA,4.0,2015
MINNESOTA,68.0,2015
LOUISIANA,3.0,2015
UTAH,22.0,2015
MONTANA,6.0,2015
NEW MEXICO,13.0,2015
WYOMING,1.0,2015
MISSOURI,1.0,2015
NORTH DAKOTA,4.0,2015
NEBRASKA,6.0,2015
LOUISIANA,2.0,2015
ARKANSAS,2.0,2015
CALIFORNIA,1603.0,2015
OHIO,6.0,2015
WISCONSIN,5.0,2015
S. ATLANTIC,4.0,2015
ARIZONA,4136.0,2015
MICHIGAN,14.0,2015
NEVADA,55.0,2015
OREGON,6.0,2015
MARYLAND,4.0,2015
MINNESOTA,54.0,2015
MARYLAND,4.0,2015
MINNESOTA,69.0,2015
WISCONSIN,5.0,2015
LOUISIANA,3.0,2015
OHIO,9.0,2015
UTAH,22.0,2015
CALIFORNIA,1652.0,2015
MONTANA,7.0,2015
NEW MEXICO,13.0,2015
S. ATLANTIC,1.0,2015
LOUISIANA,2.0,2015
ARKANSAS,2.0,2015
MICHIGAN,14.0,2015
MINNESOTA,56.0,2015
WISCONSIN,5.0,2015
S. ATLANTIC,4.0,2015
OREGON,6.0,2015
NEBRASKA,6.0,2015
NORTH DAKOTA,4.0,2015
ARIZONA,4336.0,2015
WYOMING,10.0,2015
OHIO,6.0,2015
MARYLAND,4.0,2015
MISSOURI,1.0,2015
NEVADA,55.0,2015
WYOMING,1.0,2015
MICHIGAN,5.0,2015
MISSOURI,1.0,2015
MISSOURI,1.0,2015
UTAH,3.0,2015
NEBRASKA,2.0,2015
CALIFORNIA,35.0,2015
OREGON,2.0,2015
OHIO,1.0,2015
NEBRASKA,1.0,2015
ARIZONA,1031.0,2015
NEVADA,4.0,2015
NEW MEXICO,2.0,2015
MONTANA,1.0,2015
CALIFORNIA,9.0,2015
OHIO,2.0,2015
MISSOURI,1.0,2015
OREGON,1.0,2015
NEVADA,8.0,2015
UTAH,3.0,2015
MICHIGAN,4.0,2015
MICHIGAN,1.0,2015
MONTANA,2.0,2015
NEVADA,15.0,2015
CALIFORNIA,26.0,2015
MARYLAND,1.0,2015
CALIFORNIA,317.0,2015
ARIZONA,1268.0,2015
NEVADA,15.0,2015
MICHIGAN,5.0,2015
WYOMING,1.0,2015
OREGON,2.0,2015
ARIZONA,501.0,2015
MONTANA,3.0,2015
UTAH,1.0,2015
OREGON,1.0,2015
MICHIGAN,3.0,2015
MICHIGAN,2.0,2015
CALIFORNIA,82.0,2015
MONTANA,2.0,2015
NEBRASKA,2.0,2015
NEBRASKA,1.0,2015
OREGON,1.0,2015
CALIFORNIA,265.0,2015
MICHIGAN,2.0,2015
CALIFORNIA,156.0,2015
NEBRASKA,3.0,2015
NEW MEXICO,2.0,2015
CALIFORNIA,353.0,2015
MISSOURI,1.0,2015
WYOMING,1.0,2015
ARIZONA,951.0,2015
WYOMING,1.0,2015
NEVADA,3.0,2015
NEBRASKA,1.0,2015
MISSOURI,1.0,2015
ARIZONA,236.0,2015
NEVADA,4.0,2015
ARIZONA,577.0,2015
UTAH,3.0,2015
OHIO,2.0,2015
OHIO,2.0,2015
NEVADA,15.0,2015
UTAH,8.0,2015
OREGON,1.0,2015
NEVADA,4.0,2015
OHIO,1.0,2015
NEVADA,15.0,2015
NEVADA,13.0,2015
WYOMING,1.0,2015
MONTANA,2.0,2015
CALIFORNIA,165.0,2015
OREGON,1.0,2015
MICHIGAN,2.0,2015
WYOMING,1.0,2015
ARIZONA,366.0,2015
OHIO,2.0,2015
OREGON,3.0,2015
MONTANA,3.0,2015
OHIO,1.0,2015
MISSOURI,1.0,2015
MONTANA,2.0,2015
OHIO,1.0,2015
ARIZONA,681.0,2015
CALIFORNIA,267.0,2015
OREGON,1.0,2015
CALIFORNIA,237.0,2015
UTAH,1.0,2015
MISSOURI,1.0,2015
NEVADA,4.0,2015
WYOMING,1.0,2015
ARIZONA,90.0,2015
NEBRASKA,1.0,2015
CALIFORNIA,109.0,2015
ARIZONA,791.0,2015
OHIO,2.0,2015
ARIZONA,871.0,2015
NEVADA,1.0,2015
MICHIGAN,3.0,2015
MISSOURI,1.0,2015
NEBRASKA,3.0,2015
MONTANA,1.0,2015
OHIO,1.0,2015
OHIO,2.0,2015
NEVADA,8.0,2015
ARIZONA,164.0,2015
ARIZONA,1134.0,2015
UTAH,1.0,2015
CALIFORNIA,213.0,2015
CALIFORNIA,248.0,2015
MICHIGAN,1.0,2015
WYOMING,1.0,2015
ARIZONA,1410.0,2015
OREGON,2.0,2015
CALIFORNIA,294.0,2015
OHIO,1.0,2015
NEBRASKA,1.0,2015
ARIZONA,1198.0,2015
MONTANA,1.0,2015
OHIO,2.0,2015
MISSOURI,1.0,2015
NEVADA,13.0,2015
MONTANA,1.0,2015
NEBRASKA,1.0,2015
WYOMING,1.0,2015
ARIZONA,4520.0,2015
CALIFORNIA,1702.0,2015
NEVADA,56.0,2015
NORTH DAKOTA,4.0,2015
OREGON,6.0,2015
UTAH,22.0,2015
MARYLAND,4.0,2015
MINNESOTA,56.0,2015
MONTANA,7.0,2015
ARKANSAS,2.0,2015
OHIO,6.0,2015
WYOMING,10.0,2015
ARIZONA,5443.0,2015
MICHIGAN,15.0,2015
NEVADA,63.0,2015
CALIFORNIA,1882.0,2015
OREGON,8.0,2015
WYOMING,10.0,2015
ARKANSAS,4.0,2015
MONTANA,8.0,2015
NEW MEXICO,15.0,2015
NEBRASKA,6.0,2015
MINNESOTA,70.0,2015
NEW MEXICO,16.0,2015
OHIO,9.0,2015
WISCONSIN,5.0,2015
WYOMING,10.0,2015
NEBRASKA,6.0,2015
NORTH DAKOTA,6.0,2015
CALIFORNIA,1954.0,2015
ARIZONA,5575.0,2015
S. ATLANTIC,4.0,2015
LOUISIANA,3.0,2015
MARYLAND,4.0,2015
OREGON,8.0,2015
UTAH,24.0,2015
ARKANSAS,4.0,2015
MISSOURI,1.0,2015
MONTANA,8.0,2015
NEVADA,67.0,2015
MICHIGAN,16.0,2015
MINNESOTA,75.0,2015
OREGON,8.0,2015
MISSOURI,1.0,2015
MONTANA,8.0,2015
ARIZONA,5794.0,2015
WISCONSIN,5.0,2015
ARKANSAS,4.0,2015
CALIFORNIA,2008.0,2015
NEBRASKA,6.0,2015
S. ATLANTIC,4.0,2015
NORTH DAKOTA,6.0,2015
OHIO,9.0,2015
WYOMING,10.0,2015
NEW MEXICO,17.0,2015
UTAH,24.0,2015
MICHIGAN,18.0,2015
NEVADA,69.0,2015
MARYLAND,4.0,2015
LOUISIANA,3.0,2015
MICHIGAN,17.0,2015
WYOMING,10.0,2015
NORTH DAKOTA,6.0,2015
ARIZONA,5965.0,2015
MONTANA,8.0,2015
NEW MEXICO,17.0,2015
MINNESOTA,76.0,2015
NEVADA,70.0,2015
OHIO,9.0,2015
LOUISIANA,3.0,2015
MARYLAND,4.0,2015
S. ATLANTIC,4.0,2015
MISSOURI,1.0,2015
NEBRASKA,6.0,2015
UTAH,24.0,2015
CALIFORNIA,2095.0,2015
ARKANSAS,4.0,2015
OREGON,8.0,2015
WISCONSIN,5.0,2015
ARKANSAS,4.0,2015
WYOMING,10.0,2015
NEW MEXICO,17.0,2015
MARYLAND,4.0,2015
UTAH,24.0,2015
MISSOURI,1.0,2015
NORTH DAKOTA,6.0,2015
NEVADA,78.0,2015
ARIZONA,6121.0,2015
OREGON,8.0,2015
WISCONSIN,5.0,2015
MONTANA,9.0,2015
NEBRASKA,6.0,2015
S. ATLANTIC,4.0,2015
CALIFORNIA,2261.0,2015
LOUISIANA,3.0,2015
OHIO,9.0,2015
MICHIGAN,17.0,2015
MINNESOTA,78.0,2015
NEVADA,78.0,2015
ARIZONA,6317.0,2015
LOUISIANA,3.0,2015
OREGON,8.0,2015
ARKANSAS,4.0,2015
NEBRASKA,6.0,2015
NEW MEXICO,18.0,2015
MISSOURI,1.0,2015
MARYLAND,4.0,2015
MINNESOTA,81.0,2015
MONTANA,9.0,2015
MICHIGAN,17.0,2015
WYOMING,12.0,2015
OHIO,9.0,2015
WISCONSIN,5.0,2015
UTAH,24.0,2015
NORTH DAKOTA,6.0,2015
S. ATLANTIC,4.0,2015
CALIFORNIA,2353.0,2015
NEBRASKA,6.0,2015
NEW MEXICO,18.0,2015
MICHIGAN,17.0,2015
MONTANA,9.0,2015
ARIZONA,6487.0,2015
OHIO,10.0,2015
ARKANSAS,4.0,2015
MARYLAND,4.0,2015
OREGON,8.0,2015
CALIFORNIA,2419.0,2015
MINNESOTA,86.0,2015
LOUISIANA,3.0,2015
NEVADA,78.0,2015
S. ATLANTIC,4.0,2015
WYOMING,12.0,2015
NORTH DAKOTA,6.0,2015
WISCONSIN,5.0,2015
UTAH,24.0,2015
MISSOURI,1.0,2015
OREGON,8.0,2015
MISSOURI,1.0,2015
S. ATLANTIC,4.0,2015
MARYLAND,4.0,2015
OHIO,10.0,2015
ARIZONA,6652.0,2015
WISCONSIN,5.0,2015
NEVADA,78.0,2015
MICHIGAN,17.0,2015
ARKANSAS,4.0,2015
NEBRASKA,6.0,2015
NEW MEXICO,18.0,2015
LOUISIANA,3.0,2015
WYOMING,12.0,2015
MONTANA,9.0,2015
MINNESOTA,86.0,2015
NORTH DAKOTA,6.0,2015
CALIFORNIA,2467.0,2015
UTAH,24.0,2015
MICHIGAN,17.0,2015
MONTANA,9.0,2015
MARYLAND,4.0,2015
NEBRASKA,6.0,2015
NEW MEXICO,18.0,2015
CALIFORNIA,2551.0,2015
ARIZONA,6801.0,2015
ARKANSAS,4.0,2015
LOUISIANA,3.0,2015
OHIO,10.0,2015
NORTH DAKOTA,6.0,2015
NEVADA,79.0,2015
S. ATLANTIC,4.0,2015
WISCONSIN,5.0,2015
MINNESOTA,86.0,2015
OREGON,8.0,2015
WYOMING,12.0,2015
MISSOURI,1.0,2015
UTAH,24.0,2015
S. ATLANTIC,4.0,2015
CALIFORNIA,2621.0,2015
MONTANA,9.0,2015
OHIO,11.0,2015
UTAH,25.0,2015
ARIZONA,7102.0,2015
OREGON,9.0,2015
NORTH DAKOTA,7.0,2015
NEVADA,79.0,2015
NEBRASKA,6.0,2015
WYOMING,12.0,2015
WISCONSIN,5.0,2015
MICHIGAN,17.0,2015
ARKANSAS,4.0,2015
NEW MEXICO,18.0,2015
LOUISIANA,3.0,2015
MISSOURI,1.0,2015
MINNESOTA,86.0,2015
MARYLAND,4.0,2015
MINNESOTA,87.0,2015
CALIFORNIA,2686.0,2015
OHIO,11.0,2015
NORTH DAKOTA,7.0,2015
NEVADA,79.0,2015
UTAH,25.0,2015
NEW MEXICO,18.0,2015
MARYLAND,4.0,2015
MICHIGAN,17.0,2015
ARKANSAS,4.0,2015
LOUISIANA,3.0,2015
MISSOURI,1.0,2015
WYOMING,13.0,2015
ARIZONA,7314.0,2015
MONTANA,10.0,2015
WISCONSIN,5.0,2015
OREGON,9.0,2015
NEBRASKA,6.0,2015
S. ATLANTIC,4.0,2015
ARKANSAS,4.0,2015
MARYLAND,4.0,2015
LOUISIANA,4.0,2015
MICHIGAN,17.0,2015
MISSOURI,1.0,2015
WISCONSIN,5.0,2015
CALIFORNIA,2836.0,2015
MINNESOTA,87.0,2015
MONTANA,10.0,2015
NEW MEXICO,18.0,2015
NEBRASKA,6.0,2015
S. ATLANTIC,4.0,2015
WYOMING,13.0,2015
OHIO,12.0,2015
UTAH,25.0,2015
NORTH DAKOTA,7.0,2015
ARIZONA,7454.0,2015
OREGON,9.0,2015
NEVADA,80.0,2015
MINNESOTA,87.0,2015
MICHIGAN,17.0,2015
S. ATLANTIC,4.0,2015
MONTANA,10.0,2015
ARIZONA,7553.0,2015
NEBRASKA,6.0,2015
LOUISIANA,4.0,2015
CALIFORNIA,2910.0,2015
NORTH DAKOTA,7.0,2015
NEVADA,80.0,2015
WYOMING,13.0,2015
UTAH,30.0,2015
MISSOURI,1.0,2015
MARYLAND,4.0,2015
NEW MEXICO,18.0,2015
OREGON,10.0,2015
WISCONSIN,5.0,2015
ARKANSAS,4.0,2015
OHIO,11.0,2015
WYOMING,13.0,2015
UTAH,30.0,2015
MONTANA,10.0,2015
WISCONSIN,5.0,2015
NORTH DAKOTA,7.0,2015
ARKANSAS,4.0,2015
CALIFORNIA,2965.0,2015
MARYLAND,4.0,2015
OHIO,13.0,2015
MINNESOTA,87.0,2015
S. ATLANTIC,4.0,2015
NEVADA,81.0,2015
MISSOURI,1.0,2015
MICHIGAN,17.0,2015
NEBRASKA,7.0,2015
NEW MEXICO,18.0,2015
LOUISIANA,4.0,2015
ARIZONA,7635.0,2015
OREGON,10.0,2015
ARIZONA,139.0,2016
CALIFORNIA,13.0,2016
NEVADA,2.0,2016
ARIZONA,262.0,2016
NEVADA,3.0,2016
ARIZONA,453.0,2016
CALIFORNIA,34.0,2016
MONTANA,1.0,2016
ARIZONA,584.0,2016
NEVADA,3.0,2016
CALIFORNIA,58.0,2016
DELAWARE,1.0,2016
OHIO,1.0,2016
S. ATLANTIC,2.0,2016
MICHIGAN,1.0,2016
MARYLAND,1.0,2016
MONTANA,1.0,2016
MINNESOTA,1.0,2016
CALIFORNIA,105.0,2016
NEVADA,4.0,2016
ARIZONA,733.0,2016
MICHIGAN,2.0,2016
S. ATLANTIC,2.0,2016
MONTANA,2.0,2016
OHIO,1.0,2016
ARIZONA,877.0,2016
CALIFORNIA,136.0,2016
MINNESOTA,3.0,2016
NEVADA,5.0,2016
DELAWARE,1.0,2016
MARYLAND,1.0,2016
NEVADA,5.0,2016
LOUISIANA,3.0,2016
ARIZONA,984.0,2016
OHIO,1.0,2016
CALIFORNIA,158.0,2016
MINNESOTA,3.0,2016
MARYLAND,1.0,2016
MICHIGAN,3.0,2016
S. ATLANTIC,2.0,2016
MONTANA,2.0,2016
NEBRASKA,2.0,2016
DELAWARE,1.0,2016
MARYLAND,1.0,2016
ARIZONA,1140.0,2016
MICHIGAN,4.0,2016
LOUISIANA,3.0,2016
OHIO,1.0,2016
NEBRASKA,3.0,2016
MONTANA,2.0,2016
NEVADA,5.0,2016
CALIFORNIA,209.0,2016
MINNESOTA,4.0,2016
S. ATLANTIC,2.0,2016
DELAWARE,1.0,2016
MONTANA,3.0,2016
S. ATLANTIC,2.0,2016
MINNESOTA,4.0,2016
ARIZONA,1219.0,2016
OHIO,1.0,2016
NEVADA,5.0,2016
DELAWARE,1.0,2016
NEBRASKA,3.0,2016
NEW MEXICO,1.0,2016
CALIFORNIA,259.0,2016
LOUISIANA,3.0,2016
MARYLAND,1.0,2016
MICHIGAN,5.0,2016
LOUISIANA,3.0,2016
MARYLAND,2.0,2016
NEBRASKA,4.0,2016
MONTANA,3.0,2016
CALIFORNIA,285.0,2016
MICHIGAN,6.0,2016
NEVADA,5.0,2016
ARIZONA,1346.0,2016
DELAWARE,1.0,2016
NEW MEXICO,1.0,2016
MINNESOTA,5.0,2016
S. ATLANTIC,3.0,2016
OHIO,2.0,2016
MARYLAND,2.0,2016
MINNESOTA,5.0,2016
OHIO,3.0,2016
OREGON,1.0,2016
NEVADA,5.0,2016
NEBRASKA,4.0,2016
MONTANA,3.0,2016
LOUISIANA,3.0,2016
S. ATLANTIC,3.0,2016
ARIZONA,1478.0,2016
MICHIGAN,6.0,2016
CALIFORNIA,323.0,2016
NEW MEXICO,1.0,2016
DELAWARE,1.0,2016
NEBRASKA,4.0,2016
LOUISIANA,3.0,2016
MARYLAND,2.0,2016
CALIFORNIA,382.0,2016
MONTANA,3.0,2016
MINNESOTA,6.0,2016
UTAH,1.0,2016
MICHIGAN,6.0,2016
ARIZONA,1630.0,2016
OHIO,3.0,2016
NEVADA,5.0,2016
OREGON,1.0,2016
S. ATLANTIC,3.0,2016
DELAWARE,1.0,2016
NEW MEXICO,1.0,2016
NEVADA,5.0,2016
ARIZONA,1747.0,2016
MICHIGAN,6.0,2016
NEW MEXICO,1.0,2016
LOUISIANA,3.0,2016
S. ATLANTIC,3.0,2016
DELAWARE,1.0,2016
OHIO,3.0,2016
NEBRASKA,2.0,2016
UTAH,1.0,2016
OREGON,2.0,2016
MINNESOTA,7.0,2016
MONTANA,3.0,2016
CALIFORNIA,421.0,2016
MARYLAND,2.0,2016
OHIO,7.0,2016
LOUISIANA,3.0,2016
MARYLAND,2.0,2016
MONTANA,3.0,2016
ARIZONA,1882.0,2016
DELAWARE,1.0,2016
CALIFORNIA,456.0,2016
NEBRASKA,3.0,2016
S. ATLANTIC,3.0,2016
MICHIGAN,8.0,2016
NEW MEXICO,1.0,2016
MINNESOTA,7.0,2016
OREGON,2.0,2016
UTAH,1.0,2016
NEVADA,5.0,2016
MINNESOTA,9.0,2016
OHIO,8.0,2016
LOUISIANA,4.0,2016
NEBRASKA,3.0,2016
DELAWARE,1.0,2016
NEW MEXICO,1.0,2016
S. ATLANTIC,3.0,2016
ARIZONA,1996.0,2016
MONTANA,3.0,2016
MARYLAND,2.0,2016
NEVADA,5.0,2016
CALIFORNIA,510.0,2016
MICHIGAN,8.0,2016
UTAH,1.0,2016
OREGON,3.0,2016
NEW HAMPSHIRE,1.0,2016
NEBRASKA,3.0,2016
NEW MEXICO,1.0,2016
MARYLAND,2.0,2016
OHIO,8.0,2016
CALIFORNIA,570.0,2016
ARIZONA,2118.0,2016
MONTANA,3.0,2016
MINNESOTA,14.0,2016
DELAWARE,1.0,2016
MICHIGAN,9.0,2016
S. ATLANTIC,3.0,2016
OREGON,4.0,2016
NEVADA,5.0,2016
UTAH,1.0,2016
LOUISIANA,4.0,2016
NEW HAMPSHIRE,1.0,2016
MICHIGAN,9.0,2016
S. ATLANTIC,3.0,2016
MARYLAND,2.0,2016
UTAH,1.0,2016
NEW MEXICO,3.0,2016
NEBRASKA,3.0,2016
DELAWARE,1.0,2016
LOUISIANA,4.0,2016
CALIFORNIA,641.0,2016
ARIZONA,2118.0,2016
MONTANA,3.0,2016
MINNESOTA,18.0,2016
NEVADA,5.0,2016
OHIO,9.0,2016
OREGON,4.0,2016
OHIO,9.0,2016
NEW MEXICO,3.0,2016
DELAWARE,1.0,2016
LOUISIANA,4.0,2016
MARYLAND,2.0,2016
S. ATLANTIC,3.0,2016
CALIFORNIA,686.0,2016
MICHIGAN,9.0,2016
NEBRASKA,4.0,2016
ARIZONA,2323.0,2016
MINNESOTA,18.0,2016
NEVADA,5.0,2016
OREGON,4.0,2016
MONTANA,6.0,2016
NEW HAMPSHIRE,1.0,2016
UTAH,1.0,2016
ARIZONA,2433.0,2016
MARYLAND,2.0,2016
SOUTH DAKOTA,2.0,2016
OREGON,4.0,2016
MINNESOTA,27.0,2016
MICHIGAN,9.0,2016
S. ATLANTIC,3.0,2016
DELAWARE,1.0,2016
MONTANA,6.0,2016
NEVADA,5.0,2016
UTAH,2.0,2016
LOUISIANA,4.0,2016
OHIO,9.0,2016
NEBRASKA,4.0,2016
NEW MEXICO,4.0,2016
NEW HAMPSHIRE,1.0,2016
CALIFORNIA,815.0,2016
MARYLAND,2.0,2016
MICHIGAN,9.0,2016
MONTANA,6.0,2016
CALIFORNIA,1139.0,2016
MINNESOTA,30.0,2016
SOUTH DAKOTA,2.0,2016
DELAWARE,1.0,2016
ARIZONA,2552.0,2016
NEW HAMPSHIRE,1.0,2016
NEVADA,5.0,2016
OHIO,9.0,2016
NEBRASKA,4.0,2016
LOUISIANA,4.0,2016
NEW MEXICO,4.0,2016
S. ATLANTIC,3.0,2016
UTAH,2.0,2016
OREGON,4.0,2016
UTAH,4.0,2016
NEW HAMPSHIRE,1.0,2016
MINNESOTA,35.0,2016
NEVADA,5.0,2016
NEW MEXICO,5.0,2016
S. ATLANTIC,3.0,2016
SOUTH DAKOTA,2.0,2016
OHIO,11.0,2016
OREGON,4.0,2016
MARYLAND,2.0,2016
ARKANSAS,1.0,2016
NEBRASKA,4.0,2016
ARIZONA,2670.0,2016
MICHIGAN,9.0,2016
DELAWARE,1.0,2016
MONTANA,7.0,2016
LOUISIANA,4.0,2016
CALIFORNIA,1140.0,2016
SOUTH DAKOTA,2.0,2016
S. ATLANTIC,3.0,2016
OHIO,11.0,2016
CALIFORNIA,1243.0,2016
MINNESOTA,35.0,2016
NEBRASKA,7.0,2016
ARKANSAS,1.0,2016
WISCONSIN,1.0,2016
NEW HAMPSHIRE,1.0,2016
ARIZONA,2747.0,2016
MARYLAND,2.0,2016
MONTANA,7.0,2016
OREGON,4.0,2016
DELAWARE,1.0,2016
NEVADA,5.0,2016
LOUISIANA,4.0,2016
NEW MEXICO,5.0,2016
UTAH,6.0,2016
MICHIGAN,11.0,2016
DELAWARE,1.0,2016
ARKANSAS,1.0,2016
NEVADA,5.0,2016
SOUTH DAKOTA,2.0,2016
NEW HAMPSHIRE,1.0,2016
NEW MEXICO,5.0,2016
WISCONSIN,1.0,2016
MONTANA,7.0,2016
UTAH,6.0,2016
MICHIGAN,12.0,2016
OREGON,4.0,2016
MARYLAND,2.0,2016
ARIZONA,2877.0,2016
OHIO,12.0,2016
LOUISIANA,5.0,2016
S. ATLANTIC,3.0,2016
MINNESOTA,35.0,2016
CALIFORNIA,1024.0,2016
NEBRASKA,7.0,2016
WISCONSIN,1.0,2016
CALIFORNIA,1049.0,2016
OHIO,13.0,2016
MONTANA,7.0,2016
WYOMING,1.0,2016
UTAH,6.0,2016
MINNESOTA,38.0,2016
NORTH DAKOTA,1.0,2016
ARIZONA,2972.0,2016
NEW HAMPSHIRE,1.0,2016
DELAWARE,1.0,2016
MICHIGAN,13.0,2016
NEBRASKA,4.0,2016
ARKANSAS,1.0,2016
MARYLAND,2.0,2016
SOUTH DAKOTA,2.0,2016
OREGON,4.0,2016
S. ATLANTIC,3.0,2016
NEVADA,5.0,2016
LOUISIANA,5.0,2016
NEW MEXICO,5.0,2016
ARKANSAS,1.0,2016
MARYLAND,2.0,2016
NEVADA,5.0,2016
SOUTH DAKOTA,2.0,2016
MONTANA,7.0,2016
CALIFORNIA,1119.0,2016
MICHIGAN,16.0,2016
WYOMING,1.0,2016
DELAWARE,1.0,2016
NEW MEXICO,5.0,2016
NEBRASKA,4.0,2016
S. ATLANTIC,3.0,2016
OREGON,4.0,2016
NORTH DAKOTA,1.0,2016
LOUISIANA,5.0,2016
OHIO,13.0,2016
UTAH,6.0,2016
ARIZONA,3100.0,2016
NEW HAMPSHIRE,1.0,2016
MINNESOTA,40.0,2016
WISCONSIN,1.0,2016
NEBRASKA,4.0,2016
MARYLAND,2.0,2016
WYOMING,1.0,2016
DELAWARE,1.0,2016
SOUTH DAKOTA,2.0,2016
S. ATLANTIC,3.0,2016
MICHIGAN,16.0,2016
NORTH DAKOTA,1.0,2016
WISCONSIN,1.0,2016
CALIFORNIA,1147.0,2016
UTAH,6.0,2016
OHIO,13.0,2016
OREGON,4.0,2016
ARIZONA,3186.0,2016
ARKANSAS,1.0,2016
NEVADA,6.0,2016
NEW HAMPSHIRE,1.0,2016
LOUISIANA,5.0,2016
MONTANA,7.0,2016
MINNESOTA,42.0,2016
NEW MEXICO,5.0,2016
UTAH,6.0,2016
NEW MEXICO,5.0,2016
SOUTH DAKOTA,3.0,2016
OREGON,4.0,2016
S. ATLANTIC,3.0,2016
WISCONSIN,1.0,2016
MARYLAND,2.0,2016
NEBRASKA,5.0,2016
LOUISIANA,5.0,2016
CALIFORNIA,1209.0,2016
MINNESOTA,42.0,2016
NEW HAMPSHIRE,1.0,2016
MONTANA,7.0,2016
ARIZONA,3249.0,2016
DELAWARE,1.0,2016
NORTH DAKOTA,1.0,2016
NEVADA,6.0,2016
WYOMING,1.0,2016
OHIO,13.0,2016
MICHIGAN,16.0,2016
ARKANSAS,1.0,2016
NEBRASKA,5.0,2016
LOUISIANA,5.0,2016
WISCONSIN,1.0,2016
CALIFORNIA,1248.0,2016
MICHIGAN,16.0,2016
NEW MEXICO,5.0,2016
WYOMING,1.0,2016
ARIZONA,3320.0,2016
UTAH,8.0,2016
MONTANA,7.0,2016
NORTH DAKOTA,1.0,2016
S. ATLANTIC,4.0,2016
SOUTH DAKOTA,3.0,2016
NEW HAMPSHIRE,1.0,2016
OHIO,13.0,2016
OREGON,4.0,2016
NEVADA,7.0,2016
MINNESOTA,42.0,2016
MARYLAND,3.0,2016
DELAWARE,1.0,2016
ARKANSAS,1.0,2016
WYOMING,1.0,2016
NEBRASKA,5.0,2016
NORTH DAKOTA,1.0,2016
OREGON,4.0,2016
OHIO,13.0,2016
DELAWARE,1.0,2016
MONTANA,7.0,2016
LOUISIANA,5.0,2016
CALIFORNIA,1308.0,2016
ARIZONA,3412.0,2016
ARKANSAS,1.0,2016
MARYLAND,3.0,2016
UTAH,8.0,2016
SOUTH DAKOTA,3.0,2016
NEVADA,7.0,2016
MICHIGAN,17.0,2016
WISCONSIN,1.0,2016
NEW HAMPSHIRE,1.0,2016
MINNESOTA,42.0,2016
NEW MEXICO,6.0,2016
S. ATLANTIC,4.0,2016
OHIO,13.0,2016
DELAWARE,1.0,2016
NORTH DAKOTA,1.0,2016
NEBRASKA,5.0,2016
MONTANA,7.0,2016
MINNESOTA,45.0,2016
SOUTH DAKOTA,3.0,2016
NEVADA,7.0,2016
MICHIGAN,17.0,2016
S. ATLANTIC,4.0,2016
WISCONSIN,1.0,2016
LOUISIANA,5.0,2016
NEW HAMPSHIRE,1.0,2016
ARIZONA,3561.0,2016
MARYLAND,3.0,2016
ARKANSAS,1.0,2016
OREGON,4.0,2016
CALIFORNIA,1374.0,2016
NEW MEXICO,7.0,2016
UTAH,10.0,2016
WYOMING,1.0,2016
ARKANSAS,1.0,2016
MICHIGAN,17.0,2016
OREGON,4.0,2016
NEBRASKA,5.0,2016
MONTANA,7.0,2016
ARIZONA,3682.0,2016
NEVADA,7.0,2016
WISCONSIN,1.0,2016
MINNESOTA,45.0,2016
NORTH DAKOTA,1.0,2016
SOUTH DAKOTA,3.0,2016
LOUISIANA,7.0,2016
CALIFORNIA,1456.0,2016
UTAH,10.0,2016
DELAWARE,1.0,2016
NEW MEXICO,7.0,2016
NEW HAMPSHIRE,2.0,2016
OHIO,13.0,2016
S. ATLANTIC,4.0,2016
WYOMING,1.0,2016
MARYLAND,3.0,2016
NEW HAMPSHIRE,2.0,2016
NEBRASKA,5.0,2016
DELAWARE,1.0,2016
CALIFORNIA,1534.0,2016
OHIO,13.0,2016
NORTH DAKOTA,2.0,2016
NEW MEXICO,8.0,2016
LOUISIANA,7.0,2016
S. ATLANTIC,4.0,2016
MARYLAND,3.0,2016
UTAH,10.0,2016
NEVADA,7.0,2016
ARKANSAS,1.0,2016
ARIZONA,3789.0,2016
SOUTH DAKOTA,4.0,2016
MICHIGAN,20.0,2016
OREGON,4.0,2016
WYOMING,1.0,2016
WISCONSIN,1.0,2016
MONTANA,7.0,2016
MINNESOTA,48.0,2016
OREGON,4.0,2016
LOUISIANA,7.0,2016
NEW MEXICO,8.0,2016
OHIO,13.0,2016
UTAH,11.0,2016
NEVADA,7.0,2016
MARYLAND,3.0,2016
CALIFORNIA,1594.0,2016
WISCONSIN,1.0,2016
ARIZONA,3899.0,2016
NEW HAMPSHIRE,2.0,2016
SOUTH DAKOTA,4.0,2016
MINNESOTA,50.0,2016
DELAWARE,1.0,2016
WYOMING,1.0,2016
S. ATLANTIC,4.0,2016
MICHIGAN,24.0,2016
MONTANA,7.0,2016
NEBRASKA,5.0,2016
ARKANSAS,1.0,2016
NORTH DAKOTA,2.0,2016
OREGON,5.0,2016
NEW HAMPSHIRE,2.0,2016
WYOMING,1.0,2016
NEBRASKA,4.0,2016
DELAWARE,1.0,2016
OHIO,13.0,2016
NORTH DAKOTA,2.0,2016
MINNESOTA,50.0,2016
MICHIGAN,25.0,2016
UTAH,11.0,2016
NEVADA,7.0,2016
MARYLAND,3.0,2016
LOUISIANA,7.0,2016
SOUTH DAKOTA,4.0,2016
S. ATLANTIC,4.0,2016
CALIFORNIA,1660.0,2016
MONTANA,7.0,2016
ARKANSAS,1.0,2016
WISCONSIN,1.0,2016
ARIZONA,4044.0,2016
NEW MEXICO,11.0,2016
WISCONSIN,1.0,2016
NEVADA,7.0,2016
S. ATLANTIC,4.0,2016
LOUISIANA,7.0,2016
DELAWARE,1.0,2016
MONTANA,7.0,2016
ARKANSAS,1.0,2016
ARIZONA,4083.0,2016
SOUTH DAKOTA,4.0,2016
MARYLAND,3.0,2016
WYOMING,1.0,2016
CALIFORNIA,1729.0,2016
MICHIGAN,25.0,2016
OREGON,5.0,2016
NEBRASKA,4.0,2016
MINNESOTA,50.0,2016
NEW MEXICO,11.0,2016
UTAH,11.0,2016
NEW HAMPSHIRE,2.0,2016
OHIO,13.0,2016
NORTH DAKOTA,2.0,2016
DELAWARE,1.0,2016
ARKANSAS,1.0,2016
NEW HAMPSHIRE,2.0,2016
LOUISIANA,7.0,2016
MINNESOTA,53.0,2016
MONTANA,8.0,2016
MARYLAND,5.0,2016
CALIFORNIA,1803.0,2016
NEBRASKA,4.0,2016
OREGON,6.0,2016
SOUTH DAKOTA,4.0,2016
WISCONSIN,1.0,2016
NEVADA,8.0,2016
NEW MEXICO,12.0,2016
S. ATLANTIC,6.0,2016
UTAH,11.0,2016
MICHIGAN,25.0,2016
ARIZONA,4183.0,2016
OHIO,14.0,2016
WYOMING,1.0,2016
NORTH DAKOTA,2.0,2016
MINNESOTA,54.0,2016
NEVADA,8.0,2016
NEW MEXICO,12.0,2016
WYOMING,1.0,2016
MARYLAND,5.0,2016
CALIFORNIA,1904.0,2016
NEW HAMPSHIRE,2.0,2016
NORTH DAKOTA,4.0,2016
DELAWARE,1.0,2016
OREGON,6.0,2016
UTAH,11.0,2016
MONTANA,8.0,2016
WISCONSIN,1.0,2016
MICHIGAN,26.0,2016
LOUISIANA,7.0,2016
S. ATLANTIC,6.0,2016
ARKANSAS,1.0,2016
ARIZONA,4279.0,2016
SOUTH DAKOTA,4.0,2016
NEBRASKA,4.0,2016
OHIO,14.0,2016
WYOMING,1.0,2016
NEW HAMPSHIRE,2.0,2016
CALIFORNIA,2030.0,2016
NEW MEXICO,13.0,2016
SOUTH DAKOTA,4.0,2016
ARKANSAS,1.0,2016
ARIZONA,4375.0,2016
LOUISIANA,7.0,2016
UTAH,18.0,2016
NEBRASKA,5.0,2016
OREGON,6.0,2016
NORTH DAKOTA,4.0,2016
OHIO,14.0,2016
MONTANA,8.0,2016
MINNESOTA,54.0,2016
MICHIGAN,26.0,2016
S. ATLANTIC,6.0,2016
MARYLAND,5.0,2016
NEVADA,8.0,2016
WISCONSIN,2.0,2016
DELAWARE,1.0,2016
NEVADA,8.0,2016
WISCONSIN,2.0,2016
NEW HAMPSHIRE,2.0,2016
NEBRASKA,5.0,2016
MINNESOTA,54.0,2016
NORTH DAKOTA,4.0,2016
ARIZONA,4479.0,2016
MONTANA,8.0,2016
UTAH,18.0,2016
DELAWARE,1.0,2016
SOUTH DAKOTA,4.0,2016
MICHIGAN,30.0,2016
ARKANSAS,1.0,2016
CALIFORNIA,2120.0,2016
LOUISIANA,7.0,2016
S. ATLANTIC,6.0,2016
WYOMING,1.0,2016
NEW MEXICO,13.0,2016
OREGON,6.0,2016
OHIO,14.0,2016
MARYLAND,5.0,2016
S. ATLANTIC,6.0,2016
LOUISIANA,7.0,2016
SOUTH DAKOTA,4.0,2016
MARYLAND,5.0,2016
NORTH DAKOTA,4.0,2016
ARKANSAS,1.0,2016
DELAWARE,1.0,2016
ARIZONA,4564.0,2016
UTAH,18.0,2016
WISCONSIN,2.0,2016
MICHIGAN,30.0,2016
WYOMING,1.0,2016
CALIFORNIA,2210.0,2016
OREGON,6.0,2016
NEW MEXICO,13.0,2016
NEBRASKA,5.0,2016
MINNESOTA,56.0,2016
OHIO,15.0,2016
NEW HAMPSHIRE,2.0,2016
NEVADA,8.0,2016
MONTANA,8.0,2016
LOUISIANA,7.0,2016
NORTH DAKOTA,4.0,2016
NEVADA,8.0,2016
ARKANSAS,1.0,2016
ARIZONA,4696.0,2016
WISCONSIN,2.0,2016
OREGON,7.0,2016
MICHIGAN,31.0,2016
DELAWARE,1.0,2016
MONTANA,8.0,2016
MINNESOTA,57.0,2016
WYOMING,1.0,2016
SOUTH DAKOTA,4.0,2016
UTAH,18.0,2016
MARYLAND,5.0,2016
NEW HAMPSHIRE,2.0,2016
OHIO,16.0,2016
NEW MEXICO,13.0,2016
CALIFORNIA,2342.0,2016
NEBRASKA,5.0,2016
S. ATLANTIC,6.0,2016
MARYLAND,5.0,2016
NORTH DAKOTA,4.0,2016
MINNESOTA,60.0,2016
ARIZONA,4839.0,2016
DELAWARE,1.0,2016
WISCONSIN,2.0,2016
LOUISIANA,7.0,2016
SOUTH DAKOTA,4.0,2016
ARKANSAS,1.0,2016
OHIO,17.0,2016
NEW HAMPSHIRE,2.0,2016
WYOMING,1.0,2016
NEW MEXICO,13.0,2016
S. ATLANTIC,6.0,2016
CALIFORNIA,2466.0,2016
OREGON,6.0,2016
MONTANA,8.0,2016
NEBRASKA,5.0,2016
MICHIGAN,32.0,2016
UTAH,20.0,2016
NEVADA,8.0,2016
NEVADA,9.0,2016
UTAH,20.0,2016
NEW MEXICO,13.0,2016
MINNESOTA,63.0,2016
ARKANSAS,1.0,2016
ARIZONA,4953.0,2016
LOUISIANA,7.0,2016
CALIFORNIA,2606.0,2016
OHIO,17.0,2016
SOUTH DAKOTA,4.0,2016
NEW HAMPSHIRE,2.0,2016
NORTH DAKOTA,4.0,2016
OREGON,6.0,2016
NEBRASKA,5.0,2016
S. ATLANTIC,8.0,2016
WYOMING,1.0,2016
MARYLAND,6.0,2016
MICHIGAN,32.0,2016
WISCONSIN,7.0,2016
MONTANA,8.0,2016
DELAWARE,2.0,2016
CALIFORNIA,2729.0,2016
NORTH DAKOTA,4.0,2016
DELAWARE,2.0,2016
S. ATLANTIC,8.0,2016
OREGON,7.0,2016
UTAH,24.0,2016
ARIZONA,5117.0,2016
NEW MEXICO,13.0,2016
WISCONSIN,7.0,2016
WYOMING,1.0,2016
MICHIGAN,32.0,2016
NEVADA,9.0,2016
MONTANA,8.0,2016
MINNESOTA,64.0,2016
OHIO,18.0,2016
LOUISIANA,7.0,2016
NEBRASKA,5.0,2016
SOUTH DAKOTA,4.0,2016
ARKANSAS,1.0,2016
MARYLAND,6.0,2016
NEW HAMPSHIRE,2.0,2016
ARKANSAS,1.0,2016
MONTANA,8.0,2016
ARIZONA,5243.0,2016
CALIFORNIA,2863.0,2016
DELAWARE,2.0,2016
WISCONSIN,7.0,2016
NEBRASKA,5.0,2016
OHIO,19.0,2016
LOUISIANA,7.0,2016
NEVADA,9.0,2016
MINNESOTA,64.0,2016
S. ATLANTIC,8.0,2016
UTAH,25.0,2016
SOUTH DAKOTA,4.0,2016
MARYLAND,6.0,2016
NEW MEXICO,13.0,2016
OREGON,7.0,2016
MICHIGAN,32.0,2016
WYOMING,1.0,2016
NORTH DAKOTA,4.0,2016
NEW HAMPSHIRE,2.0,2016
WISCONSIN,7.0,2016
DELAWARE,2.0,2016
ARKANSAS,1.0,2016
NEW HAMPSHIRE,2.0,2016
NEVADA,10.0,2016
ARIZONA,5381.0,2016
MICHIGAN,32.0,2016
MARYLAND,6.0,2016
NORTH DAKOTA,4.0,2016
WYOMING,1.0,2016
OHIO,19.0,2016
NEBRASKA,5.0,2016
MINNESOTA,64.0,2016
CALIFORNIA,3080.0,2016
NEW MEXICO,14.0,2016
S. ATLANTIC,8.0,2016
LOUISIANA,7.0,2016
UTAH,25.0,2016
MONTANA,10.0,2016
SOUTH DAKOTA,4.0,2016
OREGON,7.0,2016
MARYLAND,6.0,2016
WYOMING,1.0,2016
UTAH,26.0,2016
MONTANA,10.0,2016
LOUISIANA,7.0,2016
ARKANSAS,1.0,2016
OHIO,19.0,2016
MICHIGAN,32.0,2016
NEBRASKA,5.0,2016
CALIFORNIA,3186.0,2016
NORTH DAKOTA,4.0,2016
NEVADA,10.0,2016
NEW HAMPSHIRE,3.0,2016
MINNESOTA,66.0,2016
SOUTH DAKOTA,4.0,2016
S. ATLANTIC,8.0,2016
ARIZONA,5460.0,2016
DELAWARE,2.0,2016
NEW MEXICO,14.0,2016
OREGON,8.0,2016
WISCONSIN,7.0,2016
NEW HAMPSHIRE,3.0,2016
ARKANSAS,1.0,2016
OREGON,9.0,2016
MICHIGAN,35.0,2016
ARIZONA,5638.0,2016
NEVADA,10.0,2016
MARYLAND,6.0,2016
UTAH,28.0,2016
SOUTH DAKOTA,4.0,2016
S. ATLANTIC,8.0,2016
CALIFORNIA,3388.0,2016
NEBRASKA,5.0,2016
LOUISIANA,7.0,2016
WISCONSIN,7.0,2016
WYOMING,1.0,2016
MISSOURI,18.0,2016
MONTANA,10.0,2016
NEW MEXICO,14.0,2016
NORTH DAKOTA,4.0,2016
DELAWARE,2.0,2016
OHIO,20.0,2016
MINNESOTA,66.0,2016
ARKANSAS,1.0,2016
MINNESOTA,67.0,2016
OREGON,8.0,2016
NEW MEXICO,15.0,2016
SOUTH DAKOTA,4.0,2016
CALIFORNIA,3628.0,2016
MISSOURI,18.0,2016
WISCONSIN,7.0,2016
MONTANA,10.0,2016
NEBRASKA,5.0,2016
NORTH DAKOTA,4.0,2016
MICHIGAN,35.0,2016
WYOMING,1.0,2016
UTAH,29.0,2016
ARIZONA,5798.0,2016
DELAWARE,2.0,2016
LOUISIANA,7.0,2016
OHIO,20.0,2016
S. ATLANTIC,8.0,2016
NEW HAMPSHIRE,3.0,2016
NEVADA,11.0,2016
MARYLAND,6.0,2016
OHIO,21.0,2016
LOUISIANA,7.0,2016
NEW HAMPSHIRE,3.0,2016
DELAWARE,2.0,2016
NORTH DAKOTA,4.0,2016
SOUTH DAKOTA,4.0,2016
MISSOURI,18.0,2016
S. ATLANTIC,8.0,2016
NEBRASKA,5.0,2016
ARIZONA,5936.0,2016
OREGON,10.0,2016
NEW MEXICO,15.0,2016
RHODE ISLAND,1.0,2016
UTAH,30.0,2016
WISCONSIN,7.0,2016
MARYLAND,6.0,2016
MINNESOTA,69.0,2016
NEVADA,11.0,2016
MONTANA,10.0,2016
ARKANSAS,1.0,2016
CALIFORNIA,3767.0,2016
WYOMING,1.0,2016
MICHIGAN,34.0,2016
SOUTH DAKOTA,4.0,2016
WISCONSIN,7.0,2016
RHODE ISLAND,1.0,2016
MISSOURI,18.0,2016
WYOMING,1.0,2016
MONTANA,10.0,2016
NEBRASKA,5.0,2016
ARKANSAS,1.0,2016
NEW HAMPSHIRE,3.0,2016
NEW MEXICO,16.0,2016
LOUISIANA,7.0,2016
OHIO,21.0,2016
MARYLAND,6.0,2016
CALIFORNIA,3773.0,2016
ARIZONA,6049.0,2016
OREGON,10.0,2016
DELAWARE,2.0,2016
MICHIGAN,34.0,2016
MINNESOTA,70.0,2016
S. ATLANTIC,8.0,2016
UTAH,33.0,2016
NEVADA,11.0,2016
NORTH DAKOTA,4.0,2016
S. ATLANTIC,8.0,2016
WISCONSIN,7.0,2016
OHIO,21.0,2016
MICHIGAN,34.0,2016
WYOMING,1.0,2016
UTAH,34.0,2016
NEBRASKA,5.0,2016
RHODE ISLAND,1.0,2016
MARYLAND,6.0,2016
MONTANA,10.0,2016
LOUISIANA,7.0,2016
SOUTH DAKOTA,4.0,2016
OREGON,9.0,2016
MINNESOTA,70.0,2016
CALIFORNIA,3911.0,2016
NORTH DAKOTA,4.0,2016
ARIZONA,6164.0,2016
ARKANSAS,1.0,2016
DELAWARE,2.0,2016
NEW MEXICO,16.0,2016
NEVADA,11.0,2016
NEW HAMPSHIRE,3.0,2016
MISSOURI,18.0,2016
MARYLAND,4.0,2017
KENTUCKY,2.0,2017
OREGON,4.0,2017
CALIFORNIA,1721.0,2017
MONTANA,6.0,2017
WYOMING,2.0,2017
ARIZONA,2973.0,2017
NEW HAMPSHIRE,1.0,2017
OHIO,2.0,2017
ARIZONA,140.0,2017
CALIFORNIA,6.0,2017
OREGON,1.0,2017
CALIFORNIA,15.0,2017
ARIZONA,183.0,2017
OHIO,2.0,2017
MONTANA,1.0,2017
CALIFORNIA,50.0,2017
OHIO,2.0,2017
OREGON,1.0,2017
MONTANA,1.0,2017
ARIZONA,402.0,2017
CALIFORNIA,108.0,2017
MONTANA,1.0,2017
OREGON,1.0,2017
OHIO,2.0,2017
ARIZONA,554.0,2017
CALIFORNIA,148.0,2017
OHIO,3.0,2017
MONTANA,1.0,2017
OREGON,1.0,2017
NEBRASKA,1.0,2017
ARIZONA,622.0,2017
OHIO,3.0,2017
NEBRASKA,1.0,2017
CALIFORNIA,192.0,2017
OREGON,2.0,2017
MONTANA,1.0,2017
ARIZONA,745.0,2017
ARIZONA,824.0,2017
OHIO,3.0,2017
NEBRASKA,1.0,2017
CALIFORNIA,231.0,2017
OREGON,2.0,2017
MONTANA,2.0,2017
NEVADA,11.0,2017
MONTANA,2.0,2017
OHIO,5.0,2017
MICHIGAN,3.0,2017
NEBRASKA,1.0,2017
OREGON,4.0,2017
ARIZONA,940.0,2017
CALIFORNIA,262.0,2017
MICHIGAN,4.0,2017
OREGON,3.0,2017
OHIO,5.0,2017
ARIZONA,1049.0,2017
MONTANA,2.0,2017
NEVADA,11.0,2017
CALIFORNIA,336.0,2017
NEBRASKA,1.0,2017
OREGON,3.0,2017
OHIO,5.0,2017
NEBRASKA,1.0,2017
MICHIGAN,4.0,2017
MONTANA,2.0,2017
CALIFORNIA,368.0,2017
UTAH,4.0,2017
ARIZONA,1179.0,2017
NEVADA,12.0,2017
MICHIGAN,4.0,2017
CALIFORNIA,368.0,2017
OREGON,3.0,2017
MONTANA,2.0,2017
NEVADA,17.0,2017
MISSOURI,2.0,2017
ARKANSAS,1.0,2017
NEBRASKA,1.0,2017
OHIO,5.0,2017
ARIZONA,1179.0,2017
UTAH,5.0,2017
OREGON,3.0,2017
KENTUCKY,1.0,2017
OHIO,5.0,2017
CALIFORNIA,466.0,2017
ARIZONA,1330.0,2017
MISSOURI,2.0,2017
MICHIGAN,4.0,2017
MONTANA,2.0,2017
S. ATLANTIC,1.0,2017
MARYLAND,1.0,2017
UTAH,5.0,2017
NEBRASKA,2.0,2017
NEVADA,26.0,2017
ARKANSAS,1.0,2017
NEBRASKA,2.0,2017
MISSOURI,3.0,2017
CALIFORNIA,500.0,2017
UTAH,5.0,2017
OHIO,5.0,2017
ARKANSAS,1.0,2017
MICHIGAN,4.0,2017
OREGON,3.0,2017
ARIZONA,1422.0,2017
MONTANA,2.0,2017
S. ATLANTIC,1.0,2017
KENTUCKY,1.0,2017
NEVADA,27.0,2017
MARYLAND,1.0,2017
NEVADA,34.0,2017
MISSOURI,4.0,2017
ARIZONA,1508.0,2017
NORTH DAKOTA,1.0,2017
CALIFORNIA,571.0,2017
MICHIGAN,5.0,2017
MONTANA,2.0,2017
S. ATLANTIC,1.0,2017
KENTUCKY,1.0,2017
OHIO,5.0,2017
UTAH,7.0,2017
OREGON,3.0,2017
MARYLAND,1.0,2017
ARKANSAS,1.0,2017
NEBRASKA,2.0,2017
LOUISIANA,1.0,2017
MISSOURI,5.0,2017
OHIO,5.0,2017
ARKANSAS,1.0,2017
NEVADA,38.0,2017
UTAH,7.0,2017
MARYLAND,3.0,2017
CALIFORNIA,640.0,2017
MONTANA,2.0,2017
OREGON,3.0,2017
NORTH DAKOTA,1.0,2017
KENTUCKY,1.0,2017
MICHIGAN,5.0,2017
NEBRASKA,2.0,2017
ARIZONA,1599.0,2017
S. ATLANTIC,3.0,2017
MARYLAND,3.0,2017
KENTUCKY,1.0,2017
MISSOURI,7.0,2017
NEVADA,38.0,2017
MONTANA,2.0,2017
NEBRASKA,2.0,2017
ARIZONA,1677.0,2017
LOUISIANA,1.0,2017
OREGON,3.0,2017
OHIO,6.0,2017
MICHIGAN,5.0,2017
NORTH DAKOTA,1.0,2017
S. ATLANTIC,3.0,2017
CALIFORNIA,714.0,2017
ARKANSAS,1.0,2017
UTAH,8.0,2017
MISSOURI,7.0,2017
UTAH,13.0,2017
ARKANSAS,1.0,2017
OHIO,6.0,2017
NEW HAMPSHIRE,1.0,2017
NORTH DAKOTA,1.0,2017
LOUISIANA,1.0,2017
MARYLAND,3.0,2017
CALIFORNIA,807.0,2017
NEVADA,40.0,2017
KENTUCKY,1.0,2017
OREGON,3.0,2017
NEBRASKA,2.0,2017
MONTANA,2.0,2017
ARIZONA,1832.0,2017
MICHIGAN,6.0,2017
S. ATLANTIC,3.0,2017
KENTUCKY,1.0,2017
NEW HAMPSHIRE,1.0,2017
NEBRASKA,3.0,2017
ARKANSAS,1.0,2017
OREGON,3.0,2017
LOUISIANA,1.0,2017
NORTH DAKOTA,1.0,2017
OHIO,6.0,2017
MONTANA,2.0,2017
MARYLAND,3.0,2017
UTAH,14.0,2017
ARIZONA,1952.0,2017
S. ATLANTIC,3.0,2017
MISSOURI,7.0,2017
MICHIGAN,6.0,2017
NEVADA,41.0,2017
CALIFORNIA,878.0,2017
NORTH DAKOTA,1.0,2017
S. ATLANTIC,3.0,2017
OHIO,6.0,2017
ARKANSAS,1.0,2017
MICHIGAN,7.0,2017
NEW HAMPSHIRE,1.0,2017
LOUISIANA,1.0,2017
UTAH,15.0,2017
OREGON,3.0,2017
MISSOURI,7.0,2017
ARIZONA,2069.0,2017
NEBRASKA,3.0,2017
MARYLAND,3.0,2017
NEVADA,41.0,2017
CALIFORNIA,933.0,2017
KENTUCKY,1.0,2017
MONTANA,2.0,2017
LOUISIANA,1.0,2017
ARIZONA,2157.0,2017
NEW HAMPSHIRE,1.0,2017
NEBRASKA,4.0,2017
MONTANA,6.0,2017
NORTH DAKOTA,1.0,2017
ARKANSAS,1.0,2017
UTAH,17.0,2017
CALIFORNIA,1014.0,2017
MICHIGAN,7.0,2017
MARYLAND,3.0,2017
KENTUCKY,2.0,2017
OHIO,6.0,2017
MISSOURI,7.0,2017
S. ATLANTIC,3.0,2017
NEVADA,43.0,2017
OREGON,3.0,2017
UTAH,28.0,2017
MISSOURI,7.0,2017
NORTH DAKOTA,3.0,2017
NEBRASKA,5.0,2017
LOUISIANA,1.0,2017
ARKANSAS,1.0,2017
NEVADA,60.0,2017
S. ATLANTIC,4.0,2017
MICHIGAN,10.0,2017
NEW MEXICO,3.0,2017
OHIO,10.0,2017
OHIO,10.0,2017
NEW MEXICO,3.0,2017
UTAH,28.0,2017
MICHIGAN,10.0,2017
MISSOURI,8.0,2017
UTAH,17.0,2017
MONTANA,6.0,2017
KENTUCKY,2.0,2017
NORTH DAKOTA,3.0,2017
MARYLAND,4.0,2017
NORTH DAKOTA,1.0,2017
MICHIGAN,9.0,2017
OREGON,3.0,2017
S. ATLANTIC,3.0,2017
ARKANSAS,1.0,2017
MARYLAND,3.0,2017
KENTUCKY,2.0,2017
MISSOURI,7.0,2017
OHIO,6.0,2017
CALIFORNIA,1104.0,2017
ARIZONA,2258.0,2017
LOUISIANA,1.0,2017
NEW HAMPSHIRE,1.0,2017
NEBRASKA,4.0,2017
NEVADA,43.0,2017
MARYLAND,3.0,2017
MISSOURI,7.0,2017
ARIZONA,2350.0,2017
OHIO,6.0,2017
OREGON,3.0,2017
ARKANSAS,1.0,2017
NORTH DAKOTA,1.0,2017
NEVADA,43.0,2017
MONTANA,6.0,2017
NEW HAMPSHIRE,1.0,2017
KENTUCKY,2.0,2017
CALIFORNIA,1165.0,2017
LOUISIANA,1.0,2017
UTAH,19.0,2017
NEBRASKA,4.0,2017
MICHIGAN,9.0,2017
S. ATLANTIC,3.0,2017
NEBRASKA,4.0,2017
OREGON,3.0,2017
S. ATLANTIC,3.0,2017
NEW MEXICO,1.0,2017
LOUISIANA,1.0,2017
MONTANA,6.0,2017
CALIFORNIA,1245.0,2017
OHIO,6.0,2017
UTAH,19.0,2017
MISSOURI,7.0,2017
NEVADA,43.0,2017
MARYLAND,3.0,2017
ARIZONA,2441.0,2017
MICHIGAN,9.0,2017
NEW HAMPSHIRE,1.0,2017
KENTUCKY,2.0,2017
NORTH DAKOTA,2.0,2017
ARKANSAS,1.0,2017
KENTUCKY,2.0,2017
UTAH,23.0,2017
NEW HAMPSHIRE,1.0,2017
LOUISIANA,1.0,2017
OHIO,6.0,2017
ARIZONA,2600.0,2017
NEVADA,43.0,2017
MONTANA,6.0,2017
OREGON,3.0,2017
NEW MEXICO,1.0,2017
NORTH DAKOTA,2.0,2017
MICHIGAN,9.0,2017
S. ATLANTIC,3.0,2017
CALIFORNIA,1311.0,2017
NEBRASKA,4.0,2017
ARKANSAS,1.0,2017
MARYLAND,3.0,2017
MISSOURI,7.0,2017
MARYLAND,3.0,2017
ARKANSAS,1.0,2017
NEW MEXICO,1.0,2017
NEW HAMPSHIRE,1.0,2017
CALIFORNIA,1402.0,2017
ARIZONA,2652.0,2017
NORTH DAKOTA,2.0,2017
MISSOURI,7.0,2017
MICHIGAN,9.0,2017
UTAH,24.0,2017
LOUISIANA,1.0,2017
MONTANA,6.0,2017
OHIO,6.0,2017
NEBRASKA,4.0,2017
KENTUCKY,2.0,2017
S. ATLANTIC,3.0,2017
OREGON,3.0,2017
NEVADA,43.0,2017
MONTANA,6.0,2017
NEVADA,60.0,2017
OREGON,4.0,2017
S. ATLANTIC,3.0,2017
CALIFORNIA,1511.0,2017
LOUISIANA,1.0,2017
NEW MEXICO,1.0,2017
OHIO,6.0,2017
UTAH,25.0,2017
NEBRASKA,5.0,2017
MARYLAND,3.0,2017
KENTUCKY,2.0,2017
MICHIGAN,10.0,2017
ARKANSAS,1.0,2017
MISSOURI,7.0,2017
NEW HAMPSHIRE,1.0,2017
ARIZONA,2760.0,2017
NORTH DAKOTA,2.0,2017
WYOMING,2.0,2017
LOUISIANA,1.0,2017
NEBRASKA,5.0,2017
MONTANA,6.0,2017
ARKANSAS,1.0,2017
MICHIGAN,10.0,2017
NEVADA,60.0,2017
KENTUCKY,2.0,2017
CALIFORNIA,1580.0,2017
NEW HAMPSHIRE,1.0,2017
MARYLAND,4.0,2017
NEW MEXICO,2.0,2017
UTAH,26.0,2017
OREGON,4.0,2017
ARIZONA,2861.0,2017
MISSOURI,7.0,2017
WYOMING,2.0,2017
S. ATLANTIC,4.0,2017
OHIO,10.0,2017
NORTH DAKOTA,2.0,2017
ARKANSAS,1.0,2017
WYOMING,2.0,2017
NEVADA,60.0,2017
ARIZONA,3128.0,2017
S. ATLANTIC,4.0,2017
MONTANA,6.0,2017
NEBRASKA,7.0,2017
LOUISIANA,1.0,2017
CALIFORNIA,1841.0,2017
NEW HAMPSHIRE,1.0,2017
OREGON,4.0,2017
KENTUCKY,2.0,2017
NEW MEXICO,3.0,2017
MARYLAND,4.0,2017
UTAH,31.0,2017
NEVADA,62.0,2017
OHIO,11.0,2017
NEW HAMPSHIRE,1.0,2017
MICHIGAN,11.0,2017
ARKANSAS,1.0,2017
WISCONSIN,1.0,2017
ARIZONA,3232.0,2017
MISSOURI,10.0,2017
LOUISIANA,1.0,2017
NEBRASKA,7.0,2017
NORTH DAKOTA,3.0,2017
S. ATLANTIC,4.0,2017
MONTANA,11.0,2017
WYOMING,2.0,2017
OREGON,5.0,2017
CALIFORNIA,1971.0,2017
WYOMING,2.0,2017
OHIO,13.0,2017
LOUISIANA,1.0,2017
NEBRASKA,9.0,2017
WISCONSIN,1.0,2017
MICHIGAN,11.0,2017
OREGON,5.0,2017
ARKANSAS,1.0,2017
S. ATLANTIC,4.0,2017
ARIZONA,3414.0,2017
UTAH,31.0,2017
NEW HAMPSHIRE,1.0,2017
MARYLAND,4.0,2017
MONTANA,13.0,2017
CALIFORNIA,2061.0,2017
NEVADA,62.0,2017
MISSOURI,10.0,2017
NORTH DAKOTA,3.0,2017
NEW MEXICO,7.0,2017
KENTUCKY,2.0,2017
OHIO,15.0,2017
MISSOURI,10.0,2017
LOUISIANA,1.0,2017
UTAH,31.0,2017
NORTH DAKOTA,3.0,2017
MICHIGAN,11.0,2017
ARIZONA,3530.0,2017
ARKANSAS,1.0,2017
NEVADA,65.0,2017
CALIFORNIA,2145.0,2017
MARYLAND,4.0,2017
NEBRASKA,9.0,2017
NEW HAMPSHIRE,1.0,2017
WYOMING,2.0,2017
MONTANA,13.0,2017
WISCONSIN,1.0,2017
OREGON,5.0,2017
KENTUCKY,2.0,2017
S. ATLANTIC,4.0,2017
NEW MEXICO,7.0,2017
OREGON,5.0,2017
LOUISIANA,1.0,2017
OHIO,15.0,2017
MARYLAND,4.0,2017
ARIZONA,3675.0,2017
MICHIGAN,11.0,2017
NORTH DAKOTA,3.0,2017
S. ATLANTIC,4.0,2017
NEVADA,66.0,2017
MISSOURI,10.0,2017
WISCONSIN,1.0,2017
NEBRASKA,9.0,2017
WYOMING,2.0,2017
NEW HAMPSHIRE,1.0,2017
CALIFORNIA,2247.0,2017
NEW MEXICO,7.0,2017
KENTUCKY,2.0,2017
MONTANA,13.0,2017
ARKANSAS,1.0,2017
UTAH,31.0,2017
MINNESOTA,42.0,2017
UTAH,31.0,2017
MARYLAND,4.0,2017
WISCONSIN,1.0,2017
NEW MEXICO,7.0,2017
WYOMING,5.0,2017
LOUISIANA,1.0,2017
KENTUCKY,2.0,2017
NEW HAMPSHIRE,1.0,2017
OREGON,5.0,2017
MINNESOTA,42.0,2017
MICHIGAN,11.0,2017
S. ATLANTIC,4.0,2017
NEBRASKA,9.0,2017
ARIZONA,3762.0,2017
OHIO,15.0,2017
NEVADA,66.0,2017
CALIFORNIA,2377.0,2017
NORTH DAKOTA,3.0,2017
MISSOURI,10.0,2017
ARKANSAS,1.0,2017
MONTANA,13.0,2017
ARKANSAS,1.0,2017
WYOMING,7.0,2017
S. ATLANTIC,4.0,2017
MISSOURI,10.0,2017
NEW HAMPSHIRE,1.0,2017
UTAH,33.0,2017
MICHIGAN,11.0,2017
NEW MEXICO,7.0,2017
CALIFORNIA,2480.0,2017
MINNESOTA,42.0,2017
NORTH DAKOTA,4.0,2017
NEBRASKA,9.0,2017
MARYLAND,4.0,2017
KENTUCKY,2.0,2017
OHIO,15.0,2017
WISCONSIN,1.0,2017
NEVADA,93.0,2017
LOUISIANA,1.0,2017
OREGON,6.0,2017
MONTANA,13.0,2017
ARIZONA,3881.0,2017
ARIZONA,3985.0,2017
MICHIGAN,12.0,2017
OREGON,6.0,2017
NEBRASKA,9.0,2017
WYOMING,7.0,2017
NEW HAMPSHIRE,1.0,2017
WISCONSIN,1.0,2017
ARKANSAS,1.0,2017
CALIFORNIA,2534.0,2017
S. ATLANTIC,4.0,2017
OHIO,15.0,2017
NEVADA,93.0,2017
MISSOURI,11.0,2017
NORTH DAKOTA,4.0,2017
KENTUCKY,2.0,2017
UTAH,33.0,2017
NEW MEXICO,7.0,2017
MARYLAND,4.0,2017
MONTANA,13.0,2017
MINNESOTA,43.0,2017
LOUISIANA,1.0,2017
NEW HAMPSHIRE,1.0,2017
NEVADA,93.0,2017
MONTANA,13.0,2017
MISSOURI,13.0,2017
OHIO,16.0,2017
WISCONSIN,1.0,2017
MICHIGAN,12.0,2017
NEW MEXICO,7.0,2017
UTAH,33.0,2017
NORTH DAKOTA,4.0,2017
NEBRASKA,9.0,2017
S. ATLANTIC,4.0,2017
ARKANSAS,1.0,2017
MINNESOTA,44.0,2017
KENTUCKY,2.0,2017
MARYLAND,4.0,2017
ARIZONA,4085.0,2017
WYOMING,7.0,2017
LOUISIANA,1.0,2017
OREGON,7.0,2017
CALIFORNIA,2658.0,2017
NEVADA,93.0,2017
WYOMING,7.0,2017
ARKANSAS,1.0,2017
S. ATLANTIC,4.0,2017
MINNESOTA,44.0,2017
MONTANA,13.0,2017
ARIZONA,4255.0,2017
WISCONSIN,1.0,2017
NEW MEXICO,7.0,2017
NORTH DAKOTA,4.0,2017
MISSOURI,13.0,2017
LOUISIANA,1.0,2017
CALIFORNIA,2771.0,2017
KENTUCKY,2.0,2017
NEBRASKA,9.0,2017
UTAH,34.0,2017
MICHIGAN,12.0,2017
NEW HAMPSHIRE,1.0,2017
OREGON,7.0,2017
OHIO,16.0,2017
MARYLAND,4.0,2017
OREGON,7.0,2017
WISCONSIN,1.0,2017
NEW HAMPSHIRE,1.0,2017
OHIO,18.0,2017
ARKANSAS,1.0,2017
WYOMING,7.0,2017
NORTH DAKOTA,4.0,2017
MICHIGAN,12.0,2017
NEBRASKA,9.0,2017
MONTANA,13.0,2017
MARYLAND,5.0,2017
KENTUCKY,2.0,2017
MINNESOTA,45.0,2017
UTAH,34.0,2017
ARIZONA,4321.0,2017
S. ATLANTIC,5.0,2017
LOUISIANA,1.0,2017
MISSOURI,13.0,2017
NEW MEXICO,7.0,2017
NEVADA,96.0,2017
CALIFORNIA,2867.0,2017
KENTUCKY,2.0,2017
NEW MEXICO,7.0,2017
CALIFORNIA,2996.0,2017
OHIO,18.0,2017
NEW HAMPSHIRE,1.0,2017
LOUISIANA,1.0,2017
WISCONSIN,1.0,2017
MICHIGAN,12.0,2017
NORTH DAKOTA,4.0,2017
UTAH,34.0,2017
S. ATLANTIC,5.0,2017
ARKANSAS,1.0,2017
NEVADA,96.0,2017
MISSOURI,13.0,2017
MONTANA,13.0,2017
MARYLAND,5.0,2017
OREGON,8.0,2017
MINNESOTA,45.0,2017
WYOMING,7.0,2017
NEBRASKA,9.0,2017
ARIZONA,4438.0,2017
NEW HAMPSHIRE,1.0,2017
MONTANA,13.0,2017
OHIO,19.0,2017
NORTH DAKOTA,4.0,2017
ARKANSAS,3.0,2017
MISSOURI,13.0,2017
OREGON,8.0,2017
S. ATLANTIC,5.0,2017
WISCONSIN,1.0,2017
WYOMING,7.0,2017
CALIFORNIA,3134.0,2017
ARIZONA,4558.0,2017
NEW MEXICO,7.0,2017
KENTUCKY,2.0,2017
UTAH,34.0,2017
MICHIGAN,12.0,2017
MINNESOTA,45.0,2017
NEBRASKA,9.0,2017
MARYLAND,5.0,2017
NEVADA,100.0,2017
LOUISIANA,1.0,2017
CALIFORNIA,3241.0,2017
MINNESOTA,45.0,2017
NEBRASKA,9.0,2017
MISSOURI,13.0,2017
WISCONSIN,1.0,2017
NEVADA,100.0,2017
ARIZONA,4699.0,2017
LOUISIANA,1.0,2017
OREGON,8.0,2017
MONTANA,13.0,2017
NEW HAMPSHIRE,1.0,2017
KENTUCKY,2.0,2017
S. ATLANTIC,6.0,2017
OHIO,19.0,2017
MICHIGAN,12.0,2017
NORTH DAKOTA,4.0,2017
WYOMING,7.0,2017
MARYLAND,6.0,2017
NEW MEXICO,7.0,2017
ARKANSAS,3.0,2017
UTAH,34.0,2017
ARIZONA,4843.0,2017
NEBRASKA,9.0,2017
UTAH,34.0,2017
MARYLAND,6.0,2017
NEW HAMPSHIRE,1.0,2017
NEVADA,100.0,2017
OHIO,19.0,2017
CALIFORNIA,3277.0,2017
WISCONSIN,1.0,2017
KENTUCKY,2.0,2017
MISSOURI,13.0,2017
NORTH DAKOTA,4.0,2017
WYOMING,7.0,2017
MICHIGAN,12.0,2017
NEW MEXICO,10.0,2017
ARKANSAS,3.0,2017
LOUISIANA,1.0,2017
MINNESOTA,47.0,2017
OREGON,8.0,2017
S. ATLANTIC,6.0,2017
MONTANA,13.0,2017
ARIZONA,5058.0,2017
MINNESOTA,48.0,2017
CALIFORNIA,3549.0,2017
NORTH DAKOTA,4.0,2017
S. ATLANTIC,7.0,2017
ARKANSAS,3.0,2017
OHIO,19.0,2017
MISSOURI,13.0,2017
WYOMING,7.0,2017
MICHIGAN,12.0,2017
MONTANA,13.0,2017
OREGON,8.0,2017
NEW MEXICO,10.0,2017
LOUISIANA,1.0,2017
NEBRASKA,9.0,2017
UTAH,34.0,2017
KENTUCKY,2.0,2017
WISCONSIN,1.0,2017
NEVADA,101.0,2017
MARYLAND,7.0,2017
NEW HAMPSHIRE,1.0,2017
ARIZONA,5289.0,2017
MINNESOTA,49.0,2017
MISSOURI,14.0,2017
MONTANA,14.0,2017
LOUISIANA,1.0,2017
OREGON,8.0,2017
S. ATLANTIC,7.0,2017
MICHIGAN,12.0,2017
NORTH DAKOTA,4.0,2017
NEW HAMPSHIRE,1.0,2017
MARYLAND,7.0,2017
NEVADA,101.0,2017
WYOMING,7.0,2017
ARKANSAS,3.0,2017
UTAH,34.0,2017
CALIFORNIA,3657.0,2017
NEBRASKA,9.0,2017
OHIO,21.0,2017
KENTUCKY,2.0,2017
WISCONSIN,1.0,2017
NEW MEXICO,10.0,2017
MINNESOTA,51.0,2017
NEW HAMPSHIRE,1.0,2017
NEVADA,101.0,2017
MARYLAND,7.0,2017
MICHIGAN,13.0,2017
ARKANSAS,3.0,2017
CALIFORNIA,3651.0,2017
NEBRASKA,9.0,2017
MISSOURI,15.0,2017
OHIO,21.0,2017
MONTANA,15.0,2017
UTAH,34.0,2017
WISCONSIN,1.0,2017
LOUISIANA,3.0,2017
OREGON,8.0,2017
KENTUCKY,2.0,2017
NORTH DAKOTA,4.0,2017
ARIZONA,5424.0,2017
WYOMING,7.0,2017
S. ATLANTIC,7.0,2017
NEW MEXICO,10.0,2017
ARKANSAS,3.0,2017
NEW MEXICO,10.0,2017
WISCONSIN,2.0,2017
WYOMING,7.0,2017
S. ATLANTIC,7.0,2017
NEW HAMPSHIRE,1.0,2017
NEBRASKA,6.0,2017
MARYLAND,7.0,2017
MICHIGAN,13.0,2017
NORTH DAKOTA,4.0,2017
OREGON,9.0,2017
CALIFORNIA,3942.0,2017
MONTANA,15.0,2017
ARIZONA,5685.0,2017
UTAH,34.0,2017
LOUISIANA,3.0,2017
KENTUCKY,2.0,2017
OHIO,25.0,2017
MISSOURI,16.0,2017
NEVADA,101.0,2017
MINNESOTA,53.0,2017
ARKANSAS,4.0,2017
WYOMING,7.0,2017
NEW MEXICO,10.0,2017
MARYLAND,7.0,2017
S. ATLANTIC,7.0,2017
OREGON,9.0,2017
NEW HAMPSHIRE,1.0,2017
LOUISIANA,5.0,2017
OHIO,27.0,2017
MISSOURI,17.0,2017
WISCONSIN,2.0,2017
MONTANA,15.0,2017
KENTUCKY,2.0,2017
MINNESOTA,54.0,2017
MICHIGAN,15.0,2017
NORTH DAKOTA,4.0,2017
ARIZONA,5985.0,2017
NEBRASKA,6.0,2017
UTAH,34.0,2017
NEVADA,101.0,2017
CALIFORNIA,3984.0,2017
WYOMING,7.0,2017
MARYLAND,7.0,2017
S. ATLANTIC,7.0,2017
CALIFORNIA,4161.0,2017
NORTH DAKOTA,4.0,2017
MISSOURI,17.0,2017
MICHIGAN,17.0,2017
MINNESOTA,54.0,2017
OHIO,27.0,2017
ARIZONA,6270.0,2017
KENTUCKY,2.0,2017
NEW MEXICO,11.0,2017
NEW HAMPSHIRE,1.0,2017
OREGON,9.0,2017
WISCONSIN,2.0,2017
UTAH,34.0,2017
LOUISIANA,5.0,2017
MONTANA,16.0,2017
ARKANSAS,4.0,2017
NEVADA,101.0,2017
NEBRASKA,7.0,2017
LOUISIANA,5.0,2017
MISSOURI,17.0,2017
MARYLAND,7.0,2017
KENTUCKY,2.0,2017
OREGON,9.0,2017
ARIZONA,6592.0,2017
WISCONSIN,2.0,2017
NEW MEXICO,11.0,2017
S. ATLANTIC,7.0,2017
MICHIGAN,17.0,2017
ARKANSAS,4.0,2017
NORTH DAKOTA,4.0,2017
MONTANA,16.0,2017
WYOMING,7.0,2017
NEVADA,102.0,2017
NEBRASKA,7.0,2017
NEW HAMPSHIRE,1.0,2017
UTAH,34.0,2017
CALIFORNIA,1146.0,2017
OHIO,28.0,2017
MINNESOTA,57.0,2017
OREGON,12.0,2017
NEW MEXICO,11.0,2017
WYOMING,8.0,2017
UTAH,34.0,2017
ARIZONA,6856.0,2017
MINNESOTA,63.0,2017
ARKANSAS,4.0,2017
NEBRASKA,7.0,2017
MARYLAND,8.0,2017
OHIO,28.0,2017
MICHIGAN,19.0,2017
CALIFORNIA,1146.0,2017
S. ATLANTIC,8.0,2017
KENTUCKY,2.0,2017
MONTANA,18.0,2017
MICHIGAN,17.0,2017
WISCONSIN,3.0,2017
MISSOURI,17.0,2017
NORTH DAKOTA,4.0,2017
MISSOURI,18.0,2017
NEW HAMPSHIRE,1.0,2017
KENTUCKY,2.0,2017
LOUISIANA,5.0,2017
ARKANSAS,4.0,2017
NEW HAMPSHIRE,1.0,2017
MINNESOTA,57.0,2017
NEW MEXICO,11.0,2017
UTAH,34.0,2017
NEVADA,103.0,2017
MONTANA,18.0,2017
OREGON,9.0,2017
WYOMING,8.0,2017
S. ATLANTIC,7.0,2017
WISCONSIN,2.0,2017
CALIFORNIA,1172.0,2017
NEBRASKA,7.0,2017
ARIZONA,6920.0,2017
LOUISIANA,5.0,2017
MARYLAND,7.0,2017
OHIO,28.0,2017
NEVADA,103.0,2017
NORTH DAKOTA,4.0,2017
ARIZONA,261.0,2018
MISSOURI,1.0,2018
MISSOURI,1.0,2018
CALIFORNIA,38.0,2018
NEBRASKA,1.0,2018
ARIZONA,492.0,2018
NEBRASKA,1.0,2018
CALIFORNIA,56.0,2018
MISSOURI,1.0,2018
ARIZONA,782.0,2018
NEVADA,1.0,2018
NEVADA,1.0,2018
ARKANSAS,2.0,2018
ARIZONA,1022.0,2018
CALIFORNIA,84.0,2018
MISSOURI,2.0,2018
NEBRASKA,1.0,2018
NEW MEXICO,3.0,2018
ARKANSAS,2.0,2018
NEBRASKA,1.0,2018
CALIFORNIA,127.0,2018
MISSOURI,3.0,2018
MICHIGAN,1.0,2018
NEVADA,1.0,2018
NEW MEXICO,4.0,2018
ARIZONA,1212.0,2018
OHIO,2.0,2018
ARKANSAS,2.0,2018
NEVADA,1.0,2018
OHIO,2.0,2018
ARIZONA,1434.0,2018
MICHIGAN,1.0,2018
MISSOURI,3.0,2018
CALIFORNIA,151.0,2018
NEW MEXICO,6.0,2018
OREGON,1.0,2018
NEBRASKA,1.0,2018
CALIFORNIA,186.0,2018
OHIO,3.0,2018
ARIZONA,1587.0,2018
LOUISIANA,1.0,2018
MICHIGAN,2.0,2018
NEBRASKA,1.0,2018
ARKANSAS,2.0,2018
MINNESOTA,10.0,2018
NEVADA,2.0,2018
NEW MEXICO,7.0,2018
MISSOURI,3.0,2018
NEVADA,2.0,2018
ARIZONA,1784.0,2018
MISSOURI,3.0,2018
CALIFORNIA,400.0,2018
NEBRASKA,1.0,2018
MINNESOTA,10.0,2018
LOUISIANA,1.0,2018
OHIO,4.0,2018
MICHIGAN,2.0,2018
NEW MEXICO,7.0,2018
ARKANSAS,2.0,2018
OREGON,1.0,2018
NEW MEXICO,6.0,2018
LOUISIANA,1.0,2018
MINNESOTA,12.0,2018
NEVADA,2.0,2018
CALIFORNIA,425.0,2018
NEBRASKA,1.0,2018
MICHIGAN,3.0,2018
MONTANA,1.0,2018
OHIO,4.0,2018
ARIZONA,1784.0,2018
MISSOURI,3.0,2018
ARKANSAS,3.0,2018
NEVADA,4.0,2018
MINNESOTA,16.0,2018
CALIFORNIA,443.0,2018
MICHIGAN,3.0,2018
OHIO,4.0,2018
ARKANSAS,3.0,2018
NEW MEXICO,7.0,2018
ARIZONA,2103.0,2018
NEBRASKA,1.0,2018
MONTANA,1.0,2018
LOUISIANA,2.0,2018
OREGON,1.0,2018
MISSOURI,3.0,2018
LOUISIANA,2.0,2018
NEBRASKA,1.0,2018
CALIFORNIA,489.0,2018
NEVADA,5.0,2018
ARIZONA,2210.0,2018
ARKANSAS,3.0,2018
MICHIGAN,3.0,2018
MONTANA,1.0,2018
MINNESOTA,16.0,2018
NEW HAMPSHIRE,1.0,2018
MISSOURI,3.0,2018
OREGON,1.0,2018
NEW MEXICO,7.0,2018
OHIO,4.0,2018
NEVADA,6.0,2018
ARIZONA,2367.0,2018
LOUISIANA,4.0,2018
NEW MEXICO,9.0,2018
MISSOURI,4.0,2018
ARKANSAS,3.0,2018
MINNESOTA,19.0,2018
CALIFORNIA,729.0,2018
OREGON,3.0,2018
OHIO,4.0,2018
NEBRASKA,1.0,2018
MICHIGAN,3.0,2018
NEW HAMPSHIRE,1.0,2018
MONTANA,1.0,2018
NEW MEXICO,10.0,2018
LOUISIANA,4.0,2018
ARKANSAS,3.0,2018
NEW HAMPSHIRE,1.0,2018
ARIZONA,2517.0,2018
NEVADA,6.0,2018
NEBRASKA,1.0,2018
MARYLAND,1.0,2018
MINNESOTA,21.0,2018
MISSOURI,6.0,2018
MICHIGAN,6.0,2018
S. ATLANTIC,1.0,2018
CALIFORNIA,808.0,2018
OHIO,4.0,2018
MONTANA,1.0,2018
OREGON,4.0,2018
NEBRASKA,1.0,2018
WYOMING,1.0,2018
LOUISIANA,5.0,2018
OREGON,5.0,2018
S. ATLANTIC,1.0,2018
ARKANSAS,3.0,2018
NEW MEXICO,10.0,2018
MICHIGAN,6.0,2018
MARYLAND,1.0,2018
OHIO,5.0,2018
NEVADA,6.0,2018
ARIZONA,2652.0,2018
MINNESOTA,21.0,2018
NEW HAMPSHIRE,1.0,2018
CALIFORNIA,843.0,2018
MONTANA,1.0,2018
MISSOURI,6.0,2018
CALIFORNIA,873.0,2018
OHIO,6.0,2018
S. ATLANTIC,2.0,2018
MARYLAND,2.0,2018
WYOMING,1.0,2018
NEW HAMPSHIRE,1.0,2018
ARIZONA,2805.0,2018
OREGON,5.0,2018
MINNESOTA,24.0,2018
NEW MEXICO,10.0,2018
MICHIGAN,8.0,2018
NEBRASKA,1.0,2018
MISSOURI,6.0,2018
LOUISIANA,5.0,2018
ARKANSAS,3.0,2018
UTAH,4.0,2018
NEVADA,6.0,2018
MONTANA,1.0,2018
NEVADA,7.0,2018
MARYLAND,3.0,2018
OREGON,5.0,2018
NEW MEXICO,10.0,2018
S. ATLANTIC,3.0,2018
MONTANA,2.0,2018
WYOMING,1.0,2018
ARIZONA,2951.0,2018
UTAH,4.0,2018
NEW HAMPSHIRE,1.0,2018
MICHIGAN,8.0,2018
ARKANSAS,3.0,2018
CALIFORNIA,1189.0,2018
MISSOURI,6.0,2018
MINNESOTA,24.0,2018
NEBRASKA,2.0,2018
LOUISIANA,5.0,2018
OHIO,8.0,2018
CALIFORNIA,1589.0,2018
NEVADA,7.0,2018
MINNESOTA,29.0,2018
LOUISIANA,5.0,2018
MARYLAND,3.0,2018
ARIZONA,3034.0,2018
ARKANSAS,3.0,2018
MISSOURI,7.0,2018
S. ATLANTIC,3.0,2018
WYOMING,1.0,2018
NEBRASKA,2.0,2018
MICHIGAN,9.0,2018
UTAH,4.0,2018
MONTANA,2.0,2018
OHIO,8.0,2018
NEW HAMPSHIRE,1.0,2018
NEW MEXICO,11.0,2018
RHODE ISLAND,1.0,2018
OREGON,6.0,2018
RHODE ISLAND,1.0,2018
MINNESOTA,30.0,2018
UTAH,4.0,2018
MISSOURI,7.0,2018
S. ATLANTIC,3.0,2018
LOUISIANA,5.0,2018
NEW MEXICO,11.0,2018
MONTANA,2.0,2018
MARYLAND,3.0,2018
NEBRASKA,2.0,2018
ARIZONA,3242.0,2018
ARKANSAS,3.0,2018
WYOMING,1.0,2018
NEVADA,7.0,2018
OREGON,6.0,2018
MICHIGAN,9.0,2018
CALIFORNIA,1840.0,2018
NEW HAMPSHIRE,1.0,2018
OHIO,9.0,2018
OHIO,9.0,2018
OREGON,6.0,2018
WYOMING,1.0,2018
ARIZONA,3418.0,2018
CALIFORNIA,1945.0,2018
ARKANSAS,3.0,2018
UTAH,4.0,2018
MINNESOTA,31.0,2018
LOUISIANA,6.0,2018
S. ATLANTIC,3.0,2018
MONTANA,4.0,2018
NEVADA,7.0,2018
MICHIGAN,9.0,2018
NEW HAMPSHIRE,1.0,2018
NEW MEXICO,12.0,2018
MARYLAND,3.0,2018
RHODE ISLAND,1.0,2018
MISSOURI,7.0,2018
NEBRASKA,2.0,2018
LOUISIANA,7.0,2018
ARIZONA,3555.0,2018
NEW MEXICO,12.0,2018
MICHIGAN,9.0,2018
ARKANSAS,3.0,2018
UTAH,4.0,2018
NEBRASKA,2.0,2018
RHODE ISLAND,1.0,2018
WYOMING,1.0,2018
OHIO,9.0,2018
MONTANA,4.0,2018
CALIFORNIA,2107.0,2018
OREGON,6.0,2018
NEW HAMPSHIRE,1.0,2018
NEVADA,7.0,2018
MISSOURI,9.0,2018
MARYLAND,3.0,2018
MINNESOTA,32.0,2018
S. ATLANTIC,3.0,2018
MICHIGAN,10.0,2018
MONTANA,5.0,2018
NEW MEXICO,14.0,2018
UTAH,4.0,2018
MISSOURI,12.0,2018
MARYLAND,3.0,2018
CALIFORNIA,2270.0,2018
ARIZONA,3529.0,2018
LOUISIANA,7.0,2018
WYOMING,1.0,2018
NEW HAMPSHIRE,1.0,2018
OHIO,10.0,2018
NEVADA,7.0,2018
RHODE ISLAND,1.0,2018
ARKANSAS,3.0,2018
MINNESOTA,32.0,2018
NEBRASKA,2.0,2018
OREGON,6.0,2018
S. ATLANTIC,3.0,2018
MARYLAND,3.0,2018
CALIFORNIA,2403.0,2018
NEW HAMPSHIRE,1.0,2018
OREGON,6.0,2018
LOUISIANA,7.0,2018
WYOMING,1.0,2018
MONTANA,6.0,2018
NEVADA,8.0,2018
S. ATLANTIC,3.0,2018
NEBRASKA,2.0,2018
ARKANSAS,3.0,2018
MINNESOTA,32.0,2018
MISSOURI,12.0,2018
ARIZONA,3717.0,2018
OHIO,10.0,2018
RHODE ISLAND,1.0,2018
UTAH,4.0,2018
MICHIGAN,11.0,2018
NEW MEXICO,14.0,2018
RHODE ISLAND,1.0,2018
WYOMING,1.0,2018
LOUISIANA,7.0,2018
MICHIGAN,11.0,2018
OREGON,6.0,2018
MONTANA,8.0,2018
S. ATLANTIC,3.0,2018
ARIZONA,3478.0,2018
MISSOURI,12.0,2018
NEW HAMPSHIRE,1.0,2018
CALIFORNIA,2525.0,2018
NEBRASKA,2.0,2018
MARYLAND,3.0,2018
UTAH,4.0,2018
MINNESOTA,34.0,2018
OHIO,10.0,2018
ARKANSAS,3.0,2018
NEW MEXICO,16.0,2018
NEVADA,8.0,2018
WYOMING,1.0,2018
OHIO,10.0,2018
UTAH,4.0,2018
NEW HAMPSHIRE,1.0,2018
MICHIGAN,11.0,2018
MARYLAND,3.0,2018
MONTANA,8.0,2018
OREGON,7.0,2018
S. ATLANTIC,3.0,2018
NEVADA,9.0,2018
NEW MEXICO,17.0,2018
ARIZONA,3756.0,2018
ARKANSAS,3.0,2018
MINNESOTA,35.0,2018
NEBRASKA,2.0,2018
MISSOURI,14.0,2018
CALIFORNIA,2647.0,2018
RHODE ISLAND,1.0,2018
LOUISIANA,7.0,2018
RHODE ISLAND,1.0,2018
MINNESOTA,35.0,2018
NEVADA,9.0,2018
OREGON,8.0,2018
MICHIGAN,12.0,2018
OHIO,10.0,2018
NEW HAMPSHIRE,1.0,2018
CALIFORNIA,2740.0,2018
MISSOURI,14.0,2018
MONTANA,8.0,2018
LOUISIANA,7.0,2018
WYOMING,1.0,2018
NEW MEXICO,20.0,2018
NEBRASKA,2.0,2018
S. ATLANTIC,3.0,2018
ARIZONA,3841.0,2018
UTAH,4.0,2018
MARYLAND,3.0,2018
ARKANSAS,3.0,2018
CALIFORNIA,2845.0,2018
MISSOURI,15.0,2018
RHODE ISLAND,1.0,2018
OHIO,10.0,2018
LOUISIANA,7.0,2018
MONTANA,8.0,2018
MICHIGAN,14.0,2018
MINNESOTA,37.0,2018
NEBRASKA,2.0,2018
ARKANSAS,3.0,2018
NEW HAMPSHIRE,1.0,2018
WYOMING,1.0,2018
NEVADA,10.0,2018
OREGON,8.0,2018
S. ATLANTIC,3.0,2018
NEW MEXICO,23.0,2018
UTAH,4.0,2018
ARIZONA,4009.0,2018
MARYLAND,3.0,2018
ARKANSAS,3.0,2018
RHODE ISLAND,1.0,2018
OHIO,15.0,2018
MICHIGAN,14.0,2018
S. ATLANTIC,3.0,2018
NEW MEXICO,24.0,2018
LOUISIANA,7.0,2018
NEVADA,10.0,2018
CALIFORNIA,2949.0,2018
NEW HAMPSHIRE,1.0,2018
OREGON,8.0,2018
UTAH,4.0,2018
MISSOURI,16.0,2018
NEBRASKA,2.0,2018
MARYLAND,3.0,2018
ARIZONA,4134.0,2018
WYOMING,1.0,2018
MINNESOTA,37.0,2018
MONTANA,8.0,2018
RHODE ISLAND,1.0,2018
OHIO,16.0,2018
NEW MEXICO,24.0,2018
UTAH,4.0,2018
MONTANA,8.0,2018
OREGON,8.0,2018
MARYLAND,3.0,2018
NEW HAMPSHIRE,1.0,2018
NEBRASKA,2.0,2018
NORTH DAKOTA,1.0,2018
MINNESOTA,37.0,2018
LOUISIANA,7.0,2018
S. ATLANTIC,3.0,2018
MICHIGAN,16.0,2018
MISSOURI,16.0,2018
ARKANSAS,3.0,2018
ARIZONA,4274.0,2018
NEVADA,10.0,2018
WYOMING,1.0,2018
CALIFORNIA,3142.0,2018
S. ATLANTIC,3.0,2018
NEW MEXICO,26.0,2018
LOUISIANA,8.0,2018
MINNESOTA,38.0,2018
NEW HAMPSHIRE,1.0,2018
NEBRASKA,2.0,2018
ARIZONA,4419.0,2018
NEVADA,10.0,2018
MISSOURI,17.0,2018
OREGON,9.0,2018
MONTANA,8.0,2018
OHIO,17.0,2018
RHODE ISLAND,2.0,2018
WYOMING,1.0,2018
CALIFORNIA,3338.0,2018
ARKANSAS,3.0,2018
NORTH DAKOTA,1.0,2018
UTAH,4.0,2018
MICHIGAN,16.0,2018
MARYLAND,3.0,2018
NEW MEXICO,26.0,2018
ARKANSAS,3.0,2018
MISSOURI,17.0,2018
S. ATLANTIC,3.0,2018
MINNESOTA,39.0,2018
WYOMING,1.0,2018
RHODE ISLAND,2.0,2018
LOUISIANA,8.0,2018
NEVADA,11.0,2018
MICHIGAN,16.0,2018
NORTH DAKOTA,1.0,2018
WISCONSIN,1.0,2018
ARIZONA,4611.0,2018
CALIFORNIA,3479.0,2018
MONTANA,9.0,2018
NEW HAMPSHIRE,1.0,2018
UTAH,4.0,2018
OREGON,9.0,2018
OHIO,17.0,2018
MARYLAND,3.0,2018
NEBRASKA,2.0,2018
UTAH,4.0,2018
ARKANSAS,3.0,2018
CALIFORNIA,3621.0,2018
NORTH DAKOTA,1.0,2018
S. ATLANTIC,3.0,2018
NEW HAMPSHIRE,1.0,2018
MICHIGAN,17.0,2018
OHIO,18.0,2018
NEW MEXICO,28.0,2018
RHODE ISLAND,2.0,2018
OREGON,10.0,2018
MISSOURI,19.0,2018
MARYLAND,3.0,2018
LOUISIANA,8.0,2018
WISCONSIN,1.0,2018
MINNESOTA,39.0,2018
WYOMING,1.0,2018
MONTANA,10.0,2018
NEVADA,13.0,2018
ARIZONA,4792.0,2018
NEBRASKA,2.0,2018
MISSOURI,19.0,2018
ARKANSAS,3.0,2018
MINNESOTA,39.0,2018
MARYLAND,3.0,2018
MONTANA,12.0,2018
NEVADA,15.0,2018
OHIO,18.0,2018
RHODE ISLAND,2.0,2018
WYOMING,1.0,2018
WISCONSIN,1.0,2018
OREGON,10.0,2018
NEBRASKA,2.0,2018
NORTH DAKOTA,1.0,2018
CALIFORNIA,3794.0,2018
MICHIGAN,17.0,2018
ARIZONA,4929.0,2018
NEW MEXICO,28.0,2018
LOUISIANA,9.0,2018
S. ATLANTIC,3.0,2018
UTAH,4.0,2018
NEW HAMPSHIRE,1.0,2018
UTAH,4.0,2018
MONTANA,13.0,2018
WISCONSIN,1.0,2018
NEBRASKA,2.0,2018
CALIFORNIA,3898.0,2018
MARYLAND,3.0,2018
OHIO,18.0,2018
NEVADA,15.0,2018
MISSOURI,21.0,2018
RHODE ISLAND,2.0,2018
MINNESOTA,39.0,2018
ARKANSAS,4.0,2018
WYOMING,1.0,2018
OREGON,10.0,2018
ARIZONA,5092.0,2018
NEW HAMPSHIRE,1.0,2018
LOUISIANA,10.0,2018
NORTH DAKOTA,1.0,2018
NEW MEXICO,29.0,2018
MICHIGAN,19.0,2018
S. ATLANTIC,3.0,2018
NORTH DAKOTA,1.0,2018
OREGON,11.0,2018
WYOMING,1.0,2018
MICHIGAN,28.0,2018
MARYLAND,3.0,2018
LOUISIANA,10.0,2018
S. ATLANTIC,3.0,2018
ARIZONA,5220.0,2018
MICHIGAN,19.0,2018
OHIO,18.0,2018
MINNESOTA,39.0,2018
WISCONSIN,1.0,2018
NEVADA,15.0,2018
NORTH DAKOTA,1.0,2018
NEBRASKA,2.0,2018
MISSOURI,24.0,2018
RHODE ISLAND,2.0,2018
NEW HAMPSHIRE,1.0,2018
ARKANSAS,4.0,2018
WYOMING,1.0,2018
CALIFORNIA,4072.0,2018
UTAH,4.0,2018
OREGON,10.0,2018
NEW MEXICO,29.0,2018
MONTANA,13.0,2018
NEW HAMPSHIRE,1.0,2018
MARYLAND,3.0,2018
LOUISIANA,10.0,2018
OREGON,10.0,2018
S. ATLANTIC,3.0,2018
ARIZONA,5251.0,2018
OHIO,18.0,2018
WISCONSIN,2.0,2018
MISSOURI,24.0,2018
NEVADA,15.0,2018
MONTANA,14.0,2018
NORTH DAKOTA,1.0,2018
CALIFORNIA,4147.0,2018
MICHIGAN,19.0,2018
MINNESOTA,39.0,2018
NEW MEXICO,29.0,2018
WYOMING,1.0,2018
NEBRASKA,3.0,2018
UTAH,4.0,2018
RHODE ISLAND,2.0,2018
ARKANSAS,4.0,2018
WYOMING,1.0,2018
WISCONSIN,2.0,2018
RHODE ISLAND,3.0,2018
ARIZONA,5457.0,2018
NEBRASKA,3.0,2018
OREGON,10.0,2018
UTAH,4.0,2018
LOUISIANA,10.0,2018
MINNESOTA,40.0,2018
MARYLAND,3.0,2018
NORTH DAKOTA,1.0,2018
S. ATLANTIC,3.0,2018
NEVADA,19.0,2018
MICHIGAN,19.0,2018
MONTANA,15.0,2018
ARKANSAS,4.0,2018
CALIFORNIA,4279.0,2018
NEW MEXICO,30.0,2018
NEW HAMPSHIRE,1.0,2018
MISSOURI,24.0,2018
OHIO,18.0,2018
NEW HAMPSHIRE,1.0,2018
MARYLAND,4.0,2018
MINNESOTA,40.0,2018
ARIZONA,5552.0,2018
NEVADA,19.0,2018
LOUISIANA,10.0,2018
NEW MEXICO,31.0,2018
MONTANA,16.0,2018
CALIFORNIA,4427.0,2018
ARKANSAS,4.0,2018
UTAH,4.0,2018
OREGON,10.0,2018
MISSOURI,24.0,2018
WYOMING,1.0,2018
MICHIGAN,21.0,2018
NEBRASKA,3.0,2018
RHODE ISLAND,3.0,2018
S. ATLANTIC,4.0,2018
WISCONSIN,2.0,2018
OHIO,18.0,2018
NORTH DAKOTA,1.0,2018
MINNESOTA,40.0,2018
MICHIGAN,21.0,2018
NORTH DAKOTA,1.0,2018
OHIO,18.0,2018
LOUISIANA,10.0,2018
NEW HAMPSHIRE,1.0,2018
WYOMING,1.0,2018
NEBRASKA,3.0,2018
ARKANSAS,4.0,2018
WISCONSIN,2.0,2018
NEVADA,19.0,2018
S. ATLANTIC,4.0,2018
NEW MEXICO,32.0,2018
UTAH,4.0,2018
MARYLAND,4.0,2018
CALIFORNIA,4525.0,2018
OREGON,10.0,2018
RHODE ISLAND,3.0,2018
MONTANA,16.0,2018
ARIZONA,5698.0,2018
MISSOURI,25.0,2018
OREGON,11.0,2018
NEW MEXICO,32.0,2018
MINNESOTA,40.0,2018
MISSOURI,25.0,2018
MONTANA,16.0,2018
NEW HAMPSHIRE,1.0,2018
RHODE ISLAND,3.0,2018
NEBRASKA,3.0,2018
ARKANSAS,4.0,2018
LOUISIANA,10.0,2018
WYOMING,1.0,2018
NEVADA,19.0,2018
UTAH,4.0,2018
MARYLAND,4.0,2018
ARIZONA,5829.0,2018
MICHIGAN,21.0,2018
CALIFORNIA,4643.0,2018
NORTH DAKOTA,1.0,2018
OHIO,18.0,2018
WISCONSIN,2.0,2018
S. ATLANTIC,4.0,2018
MICHIGAN,21.0,2018
WYOMING,1.0,2018
ARIZONA,5882.0,2018
MISSOURI,25.0,2018
NEBRASKA,3.0,2018
WISCONSIN,2.0,2018
NEW MEXICO,34.0,2018
NORTH DAKOTA,1.0,2018
NEVADA,19.0,2018
ARKANSAS,4.0,2018
MARYLAND,4.0,2018
UTAH,4.0,2018
NEW HAMPSHIRE,1.0,2018
OREGON,11.0,2018
LOUISIANA,10.0,2018
OHIO,20.0,2018
MINNESOTA,40.0,2018
MONTANA,18.0,2018
CALIFORNIA,4810.0,2018
S. ATLANTIC,4.0,2018
RHODE ISLAND,3.0,2018
UTAH,4.0,2018
LOUISIANA,10.0,2018
NEBRASKA,3.0,2018
OHIO,20.0,2018
WISCONSIN,2.0,2018
CALIFORNIA,4936.0,2018
S. ATLANTIC,4.0,2018
OREGON,11.0,2018
NEVADA,20.0,2018
ARKANSAS,4.0,2018
RHODE ISLAND,3.0,2018
NEW HAMPSHIRE,1.0,2018
MINNESOTA,40.0,2018
NORTH DAKOTA,1.0,2018
WYOMING,1.0,2018
ARIZONA,6117.0,2018
MISSOURI,25.0,2018
NEW MEXICO,36.0,2018
MARYLAND,4.0,2018
MICHIGAN,25.0,2018
MONTANA,18.0,2018
WYOMING,1.0,2018
NEW HAMPSHIRE,1.0,2018
LOUISIANA,10.0,2018
ARKANSAS,4.0,2018
NORTH DAKOTA,1.0,2018
ARIZONA,6210.0,2018
NEBRASKA,3.0,2018
NEVADA,20.0,2018
RHODE ISLAND,3.0,2018
CALIFORNIA,5067.0,2018
OHIO,21.0,2018
S. ATLANTIC,4.0,2018
MINNESOTA,40.0,2018
MONTANA,18.0,2018
MISSOURI,26.0,2018
MARYLAND,4.0,2018
OREGON,12.0,2018
NEW MEXICO,36.0,2018
UTAH,4.0,2018
WISCONSIN,2.0,2018
MICHIGAN,26.0,2018
MICHIGAN,27.0,2018
WYOMING,1.0,2018
RHODE ISLAND,4.0,2018
UTAH,4.0,2018
CALIFORNIA,5269.0,2018
MINNESOTA,40.0,2018
NEBRASKA,3.0,2018
NEVADA,20.0,2018
MONTANA,18.0,2018
NEW MEXICO,37.0,2018
ARIZONA,6382.0,2018
MISSOURI,26.0,2018
LOUISIANA,10.0,2018
ARKANSAS,4.0,2018
NORTH DAKOTA,1.0,2018
S. ATLANTIC,4.0,2018
NEW HAMPSHIRE,1.0,2018
OREGON,11.0,2018
WISCONSIN,2.0,2018
OHIO,21.0,2018
INDIANA,3.0,2018
MARYLAND,4.0,2018
LOUISIANA,10.0,2018
MISSOURI,26.0,2018
WYOMING,1.0,2018
RHODE ISLAND,4.0,2018
NEW HAMPSHIRE,1.0,2018
OREGON,11.0,2018
S. ATLANTIC,4.0,2018
MINNESOTA,40.0,2018
NEW MEXICO,39.0,2018
NORTH DAKOTA,1.0,2018
CALIFORNIA,5393.0,2018
NEVADA,20.0,2018
WISCONSIN,2.0,2018
ARKANSAS,4.0,2018
MONTANA,18.0,2018
MICHIGAN,27.0,2018
INDIANA,3.0,2018
OHIO,21.0,2018
UTAH,4.0,2018
ARIZONA,6382.0,2018
MARYLAND,4.0,2018
NEBRASKA,4.0,2018
MICHIGAN,28.0,2018
WISCONSIN,2.0,2018
ARIZONA,6657.0,2018
MONTANA,18.0,2018
MINNESOTA,40.0,2018
LOUISIANA,10.0,2018
MARYLAND,4.0,2018
INDIANA,3.0,2018
UTAH,4.0,2018
NORTH DAKOTA,1.0,2018
OREGON,11.0,2018
NEBRASKA,4.0,2018
CALIFORNIA,5503.0,2018
OHIO,21.0,2018
ARKANSAS,4.0,2018
NEW HAMPSHIRE,1.0,2018
WYOMING,1.0,2018
RHODE ISLAND,4.0,2018
NEW MEXICO,39.0,2018
NEVADA,20.0,2018
MISSOURI,26.0,2018
S. ATLANTIC,4.0,2018
MINNESOTA,40.0,2018
ARIZONA,6726.0,2018
OHIO,21.0,2018
WYOMING,1.0,2018
RHODE ISLAND,4.0,2018
CALIFORNIA,5568.0,2018
NEVADA,20.0,2018
S. ATLANTIC,4.0,2018
NORTH DAKOTA,1.0,2018
NEBRASKA,4.0,2018
MONTANA,22.0,2018
NEW MEXICO,40.0,2018
UTAH,4.0,2018
MICHIGAN,28.0,2018
INDIANA,3.0,2018
LOUISIANA,10.0,2018
OREGON,11.0,2018
WISCONSIN,11.0,2018
MISSOURI,26.0,2018
ARKANSAS,4.0,2018
NEW HAMPSHIRE,1.0,2018
MARYLAND,4.0,2018
ARKANSAS,4.0,2018
NEVADA,20.0,2018
OHIO,21.0,2018
NEBRASKA,4.0,2018
MISSOURI,26.0,2018
NEW MEXICO,40.0,2018
MINNESOTA,40.0,2018
ARIZONA,6726.0,2018
INDIANA,3.0,2018
UTAH,4.0,2018
S. ATLANTIC,4.0,2018
LOUISIANA,10.0,2018
NEW HAMPSHIRE,1.0,2018
MONTANA,22.0,2018
RHODE ISLAND,4.0,2018
WISCONSIN,12.0,2018
MARYLAND,4.0,2018
CALIFORNIA,5688.0,2018
RHODE ISLAND,4.0,2018
NEVADA,20.0,2018
OREGON,11.0,2018
CALIFORNIA,5889.0,2018
MINNESOTA,40.0,2018
MARYLAND,4.0,2018
NEW MEXICO,43.0,2018
MONTANA,22.0,2018
UTAH,4.0,2018
NORTH DAKOTA,1.0,2018
OHIO,21.0,2018
ARKANSAS,4.0,2018
ARIZONA,7052.0,2018
LOUISIANA,10.0,2018
MISSOURI,26.0,2018
NEBRASKA,4.0,2018
S. ATLANTIC,4.0,2018
NEW HAMPSHIRE,1.0,2018
MICHIGAN,29.0,2018
WISCONSIN,12.0,2018
WYOMING,1.0,2018
INDIANA,3.0,2018
RHODE ISLAND,4.0,2018
INDIANA,3.0,2018
CALIFORNIA,6051.0,2018
WYOMING,1.0,2018
OHIO,21.0,2018
S. ATLANTIC,4.0,2018
UTAH,4.0,2018
MISSOURI,26.0,2018
MICHIGAN,30.0,2018
MARYLAND,4.0,2018
NEVADA,20.0,2018
NEW HAMPSHIRE,1.0,2018
NEW MEXICO,43.0,2018
ARIZONA,7256.0,2018
WISCONSIN,12.0,2018
MONTANA,22.0,2018
NORTH DAKOTA,1.0,2018
ARKANSAS,4.0,2018
LOUISIANA,10.0,2018
OREGON,11.0,2018
MINNESOTA,40.0,2018
NEBRASKA,4.0,2018
NEW HAMPSHIRE,1.0,2018
WISCONSIN,12.0,2018
CALIFORNIA,6312.0,2018
ARKANSAS,4.0,2018
NEW MEXICO,49.0,2018
RHODE ISLAND,4.0,2018
MISSOURI,26.0,2018
ARIZONA,7444.0,2018
MICHIGAN,31.0,2018
NORTH DAKOTA,1.0,2018
NEBRASKA,4.0,2018
INDIANA,3.0,2018
OHIO,21.0,2018
MARYLAND,4.0,2018
UTAH,4.0,2018
MINNESOTA,40.0,2018
MONTANA,22.0,2018
OREGON,12.0,2018
S. ATLANTIC,4.0,2018
LOUISIANA,10.0,2018
WYOMING,1.0,2018
NEVADA,21.0,2018
MICHIGAN,29.0,2018
MONTANA,26.0,2018
NORTH DAKOTA,1.0,2018
LOUISIANA,10.0,2018
OHIO,21.0,2018
MARYLAND,4.0,2018
UTAH,4.0,2018
WISCONSIN,18.0,2018
ARIZONA,7501.0,2018
CALIFORNIA,6448.0,2018
RHODE ISLAND,4.0,2018
OREGON,13.0,2018
NEBRASKA,4.0,2018
NEVADA,23.0,2018
ARKANSAS,4.0,2018
WYOMING,1.0,2018
NEW HAMPSHIRE,1.0,2018
MISSOURI,26.0,2018
NEW MEXICO,50.0,2018
INDIANA,3.0,2018
S. ATLANTIC,4.0,2018
MINNESOTA,40.0,2018
NEW MEXICO,50.0,2018
NEW HAMPSHIRE,1.0,2018
MINNESOTA,40.0,2018
NEBRASKA,5.0,2018
WYOMING,1.0,2018
ARIZONA,7572.0,2018
NORTH DAKOTA,1.0,2018
UTAH,4.0,2018
OREGON,13.0,2018
MISSOURI,26.0,2018
LOUISIANA,10.0,2018
ARKANSAS,4.0,2018
MICHIGAN,29.0,2018
CALIFORNIA,6534.0,2018
S. ATLANTIC,4.0,2018
NEVADA,23.0,2018
OHIO,21.0,2018
INDIANA,3.0,2018
RHODE ISLAND,4.0,2018
MARYLAND,4.0,2018
MONTANA,26.0,2018
WISCONSIN,19.0,2018
ARIZONA,69.0,2019
CALIFORNIA,9.0,2019
ARIZONA,330.0,2019
CALIFORNIA,52.0,2019
ARIZONA,337.0,2019
CALIFORNIA,82.0,2019
MISSOURI,1.0,2019
NEVADA,1.0,2019
CALIFORNIA,138.0,2019
OHIO,1.0,2019
ARIZONA,764.0,2019
OHIO,1.0,2019
NEVADA,1.0,2019
CALIFORNIA,248.0,2019
MISSOURI,1.0,2019
NEW MEXICO,2.0,2019
ARIZONA,1058.0,2019
NEVADA,3.0,2019
OREGON,1.0,2019
MICHIGAN,1.0,2019
CALIFORNIA,301.0,2019
NEW MEXICO,3.0,2019
OHIO,1.0,2019
MISSOURI,3.0,2019
ARIZONA,1269.0,2019
MICHIGAN,1.0,2019
NEW MEXICO,5.0,2019
MISSOURI,3.0,2019
OREGON,1.0,2019
CALIFORNIA,406.0,2019
NEVADA,3.0,2019
OHIO,1.0,2019
MONTANA,1.0,2019
ARIZONA,1335.0,2019
MONTANA,1.0,2019
ARKANSAS,2.0,2019
MICHIGAN,1.0,2019
ARIZONA,1646.0,2019
MISSOURI,3.0,2019
NEVADA,3.0,2019
NEW MEXICO,6.0,2019
OHIO,1.0,2019
WEST SOUTH CENTRAL,2.0,2019
OREGON,1.0,2019
CALIFORNIA,515.0,2019
NEVADA,3.0,2019
OHIO,2.0,2019
MONTANA,1.0,2019
MISSOURI,3.0,2019
OREGON,1.0,2019
ARKANSAS,2.0,2019
WEST SOUTH CENTRAL,2.0,2019
NEW MEXICO,7.0,2019
ARIZONA,1859.0,2019
MICHIGAN,1.0,2019
CALIFORNIA,657.0,2019
OHIO,2.0,2019
CALIFORNIA,761.0,2019
WEST SOUTH CENTRAL,2.0,2019
ARIZONA,2044.0,2019
MISSOURI,3.0,2019
MONTANA,1.0,2019
ARKANSAS,2.0,2019
OREGON,1.0,2019
NEW MEXICO,7.0,2019
MICHIGAN,2.0,2019
NEVADA,15.0,2019
NEW MEXICO,7.0,2019
ARIZONA,2191.0,2019
MISSOURI,4.0,2019
MICHIGAN,2.0,2019
ARKANSAS,2.0,2019
MONTANA,2.0,2019
CALIFORNIA,892.0,2019
NEVADA,15.0,2019
OREGON,1.0,2019
WEST SOUTH CENTRAL,2.0,2019
OHIO,3.0,2019
OREGON,1.0,2019
MONTANA,2.0,2019
WEST SOUTH CENTRAL,3.0,2019
OHIO,3.0,2019
NEVADA,15.0,2019
LOUISIANA,1.0,2019
ARKANSAS,2.0,2019
MICHIGAN,2.0,2019
CALIFORNIA,1058.0,2019
NEW MEXICO,7.0,2019
ARIZONA,2378.0,2019
MISSOURI,4.0,2019
NEW MEXICO,7.0,2019
LOUISIANA,1.0,2019
ARKANSAS,2.0,2019
CALIFORNIA,1072.0,2019
MICHIGAN,2.0,2019
WEST SOUTH CENTRAL,3.0,2019
ARIZONA,2294.0,2019
MISSOURI,4.0,2019
OHIO,5.0,2019
MONTANA,2.0,2019
NEVADA,15.0,2019
OREGON,1.0,2019
ARKANSAS,2.0,2019
MONTANA,2.0,2019
MISSOURI,5.0,2019
CALIFORNIA,1105.0,2019
NEVADA,19.0,2019
ARIZONA,2294.0,2019
WEST SOUTH CENTRAL,3.0,2019
OHIO,5.0,2019
MARYLAND,2.0,2019
LOUISIANA,1.0,2019
NEW MEXICO,7.0,2019
OREGON,1.0,2019
MICHIGAN,2.0,2019
MONTANA,2.0,2019
ARIZONA,2820.0,2019
NEW MEXICO,7.0,2019
LOUISIANA,1.0,2019
CALIFORNIA,1632.0,2019
MICHIGAN,2.0,2019
MARYLAND,2.0,2019
NEVADA,20.0,2019
OREGON,1.0,2019
OHIO,6.0,2019
WEST SOUTH CENTRAL,3.0,2019
MISSOURI,5.0,2019
ARKANSAS,2.0,2019
CALIFORNIA,1839.0,2019
WEST SOUTH CENTRAL,4.0,2019
MONTANA,2.0,2019
MICHIGAN,2.0,2019
OHIO,6.0,2019
NEVADA,20.0,2019
ARKANSAS,3.0,2019
MARYLAND,2.0,2019
MISSOURI,6.0,2019
NEW MEXICO,7.0,2019
OREGON,1.0,2019
LOUISIANA,1.0,2019
ARIZONA,3000.0,2019
NEW MEXICO,7.0,2019
OREGON,1.0,2019
NEVADA,25.0,2019
OHIO,6.0,2019
MARYLAND,2.0,2019
MICHIGAN,2.0,2019
ARKANSAS,3.0,2019
LOUISIANA,1.0,2019
WEST SOUTH CENTRAL,4.0,2019
ARIZONA,3083.0,2019
MONTANA,4.0,2019
MISSOURI,7.0,2019
CALIFORNIA,1967.0,2019
MONTANA,4.0,2019
OREGON,1.0,2019
NEVADA,27.0,2019
EAST SOUTH CENTRAL,1.0,2019
MISSOURI,7.0,2019
KENTUCKY,1.0,2019
ARIZONA,3282.0,2019
LOUISIANA,1.0,2019
MARYLAND,3.0,2019
NEW MEXICO,7.0,2019
NEBRASKA,1.0,2019
MICHIGAN,2.0,2019
CALIFORNIA,2157.0,2019
OHIO,6.0,2019
WEST SOUTH CENTRAL,4.0,2019
ARKANSAS,3.0,2019
EAST SOUTH CENTRAL,1.0,2019
CALIFORNIA,2284.0,2019
MISSOURI,7.0,2019
NEBRASKA,1.0,2019
NEW MEXICO,7.0,2019
NEVADA,27.0,2019
MARYLAND,3.0,2019
WEST SOUTH CENTRAL,4.0,2019
OHIO,7.0,2019
OREGON,1.0,2019
MICHIGAN,3.0,2019
LOUISIANA,1.0,2019
ARKANSAS,3.0,2019
KENTUCKY,1.0,2019
ARIZONA,3458.0,2019
MONTANA,5.0,2019
MICHIGAN,5.0,2019
WEST SOUTH CENTRAL,5.0,2019
MISSOURI,7.0,2019
CALIFORNIA,2522.0,2019
OREGON,1.0,2019
MONTANA,5.0,2019
LOUISIANA,1.0,2019
EAST SOUTH CENTRAL,1.0,2019
MARYLAND,3.0,2019
OHIO,7.0,2019
KENTUCKY,1.0,2019
NEW MEXICO,7.0,2019
NEBRASKA,1.0,2019
ARIZONA,3458.0,2019
ARKANSAS,4.0,2019
NEVADA,30.0,2019
ARIZONA,3788.0,2019
CALIFORNIA,2705.0,2019
NEBRASKA,1.0,2019
NEVADA,31.0,2019
MISSOURI,8.0,2019
MONTANA,3.0,2019
KENTUCKY,1.0,2019
LOUISIANA,1.0,2019
NEW MEXICO,7.0,2019
MICHIGAN,6.0,2019
MARYLAND,4.0,2019
OREGON,1.0,2019
ARKANSAS,5.0,2019
OHIO,7.0,2019
WEST SOUTH CENTRAL,6.0,2019
EAST SOUTH CENTRAL,1.0,2019
